Idx,Listinginfo1,LogInfo1,LogInfo2,LogInfo3
3,2013-11-5,1,0,2013-8-30
3,2013-11-5,1,1,2013-8-30
3,2013-11-5,1,2,2013-10-23
3,2013-11-5,1,4,2013-8-30
3,2013-11-5,2,1,2013-8-30
3,2013-11-5,2,7,2013-10-31
3,2013-11-5,4,1,2013-8-30
3,2013-11-5,-4,6,2013-8-30
3,2013-11-5,-4,6,2013-8-30
3,2013-11-5,-4,6,2013-8-30
3,2013-11-5,-4,6,2013-8-30
3,2013-11-5,-4,6,2013-8-31
3,2013-11-5,-4,6,2013-9-3
3,2013-11-5,-4,6,2013-9-4
3,2013-11-5,-4,6,2013-10-23
3,2013-11-5,-4,6,2013-10-24
3,2013-11-5,-4,6,2013-10-31
3,2013-11-5,-4,6,2013-10-31
3,2013-11-5,-4,6,2013-10-31
3,2013-11-5,-4,6,2013-10-31
3,2013-11-5,-4,6,2013-11-1
3,2013-11-5,-4,6,2013-11-1
3,2013-11-5,4,7,2013-10-23
3,2013-11-5,4,7,2013-10-24
3,2013-11-5,4,7,2013-10-31
3,2013-11-5,4,7,2013-10-31
5,2013-11-7,-10,13,2013-10-24
5,2013-11-7,1,0,2013-10-24
5,2013-11-7,1,1,2013-10-24
5,2013-11-7,1,2,2013-10-24
5,2013-11-7,2,1,2013-10-24
5,2013-11-7,3,1,2013-10-24
5,2013-11-7,4,1,2013-10-24
5,2013-11-7,-4,6,2013-10-24
5,2013-11-7,-4,6,2013-10-29
5,2013-11-7,-4,6,2013-10-30
5,2013-11-7,-4,6,2013-11-6
8,2013-11-6,-10,13,2013-11-5
8,2013-11-6,1,0,2013-10-25
8,2013-11-6,1,1,2013-10-25
8,2013-11-6,1,2,2013-10-25
8,2013-11-6,1,4,2013-10-31
8,2013-11-6,2,1,2013-10-25
8,2013-11-6,2,21,2013-11-6
8,2013-11-6,3,1,2013-11-5
8,2013-11-6,4,1,2013-10-25
8,2013-11-6,-4,6,2013-10-25
8,2013-11-6,-4,6,2013-10-25
8,2013-11-6,-4,6,2013-10-25
8,2013-11-6,-4,6,2013-10-25
8,2013-11-6,-4,6,2013-10-25
8,2013-11-6,-4,6,2013-10-25
8,2013-11-6,-4,6,2013-10-26
8,2013-11-6,-4,6,2013-10-26
8,2013-11-6,-4,6,2013-10-26
8,2013-11-6,-4,6,2013-10-26
8,2013-11-6,-4,6,2013-10-26
8,2013-11-6,-4,6,2013-10-26
8,2013-11-6,-4,6,2013-10-26
8,2013-11-6,-4,6,2013-10-27
8,2013-11-6,-4,6,2013-10-27
8,2013-11-6,-4,6,2013-10-27
8,2013-11-6,-4,6,2013-10-27
8,2013-11-6,-4,6,2013-10-28
8,2013-11-6,-4,6,2013-10-28
8,2013-11-6,-4,6,2013-10-28
8,2013-11-6,-4,6,2013-10-28
8,2013-11-6,-4,6,2013-10-28
8,2013-11-6,-4,6,2013-10-28
8,2013-11-6,-4,6,2013-10-28
8,2013-11-6,-4,6,2013-10-29
8,2013-11-6,-4,6,2013-10-29
8,2013-11-6,-4,6,2013-10-29
8,2013-11-6,-4,6,2013-10-29
8,2013-11-6,-4,6,2013-10-29
8,2013-11-6,-4,6,2013-10-29
8,2013-11-6,-4,6,2013-10-29
8,2013-11-6,-4,6,2013-10-29
8,2013-11-6,-4,6,2013-10-29
8,2013-11-6,-4,6,2013-10-30
8,2013-11-6,-4,6,2013-10-30
8,2013-11-6,-4,6,2013-10-30
8,2013-11-6,-4,6,2013-10-30
8,2013-11-6,-4,6,2013-10-30
8,2013-11-6,-4,6,2013-10-30
8,2013-11-6,-4,6,2013-10-30
8,2013-11-6,-4,6,2013-10-30
8,2013-11-6,-4,6,2013-10-30
8,2013-11-6,-4,6,2013-10-30
8,2013-11-6,-4,6,2013-10-30
8,2013-11-6,-4,6,2013-10-30
8,2013-11-6,-4,6,2013-10-31
8,2013-11-6,-4,6,2013-10-31
8,2013-11-6,-4,6,2013-10-31
8,2013-11-6,-4,6,2013-10-31
8,2013-11-6,-4,6,2013-10-31
8,2013-11-6,-4,6,2013-10-31
8,2013-11-6,-4,6,2013-10-31
8,2013-11-6,-4,6,2013-10-31
8,2013-11-6,-4,6,2013-10-31
8,2013-11-6,-4,6,2013-10-31
8,2013-11-6,-4,6,2013-11-1
8,2013-11-6,-4,6,2013-11-1
8,2013-11-6,-4,6,2013-11-1
8,2013-11-6,-4,6,2013-11-1
8,2013-11-6,-4,6,2013-11-1
8,2013-11-6,-4,6,2013-11-1
8,2013-11-6,-4,6,2013-11-1
8,2013-11-6,-4,6,2013-11-1
8,2013-11-6,-4,6,2013-11-1
8,2013-11-6,-4,6,2013-11-1
8,2013-11-6,-4,6,2013-11-1
8,2013-11-6,-4,6,2013-11-1
8,2013-11-6,-4,6,2013-11-1
8,2013-11-6,-4,6,2013-11-2
8,2013-11-6,-4,6,2013-11-2
8,2013-11-6,-4,6,2013-11-2
8,2013-11-6,-4,6,2013-11-2
8,2013-11-6,-4,6,2013-11-2
8,2013-11-6,-4,6,2013-11-2
8,2013-11-6,-4,6,2013-11-2
8,2013-11-6,-4,6,2013-11-3
8,2013-11-6,-4,6,2013-11-3
8,2013-11-6,-4,6,2013-11-4
8,2013-11-6,-4,6,2013-11-4
8,2013-11-6,-4,6,2013-11-4
8,2013-11-6,-4,6,2013-11-4
8,2013-11-6,-4,6,2013-11-4
8,2013-11-6,-4,6,2013-11-4
8,2013-11-6,-4,6,2013-11-4
8,2013-11-6,-4,6,2013-11-4
8,2013-11-6,-4,6,2013-11-4
8,2013-11-6,-4,6,2013-11-4
8,2013-11-6,-4,6,2013-11-4
8,2013-11-6,-4,6,2013-11-4
8,2013-11-6,-4,6,2013-11-4
8,2013-11-6,-4,6,2013-11-4
8,2013-11-6,-4,6,2013-11-4
8,2013-11-6,-4,6,2013-11-4
8,2013-11-6,-4,6,2013-11-5
8,2013-11-6,-4,6,2013-11-5
8,2013-11-6,-4,6,2013-11-5
8,2013-11-6,-4,6,2013-11-5
8,2013-11-6,-4,6,2013-11-5
8,2013-11-6,-4,6,2013-11-5
8,2013-11-6,-4,6,2013-11-5
8,2013-11-6,-4,6,2013-11-5
8,2013-11-6,-4,6,2013-11-5
8,2013-11-6,-4,6,2013-11-5
8,2013-11-6,-4,6,2013-11-5
8,2013-11-6,-4,6,2013-11-6
8,2013-11-6,-4,6,2013-11-6
8,2013-11-6,-4,6,2013-11-6
8,2013-11-6,-4,6,2013-11-6
8,2013-11-6,-4,6,2013-11-6
8,2013-11-6,99,6,2013-10-31
8,2013-11-6,99,6,2013-11-2
8,2013-11-6,99,6,2013-11-2
8,2013-11-6,99,6,2013-11-2
8,2013-11-6,99,6,2013-11-4
8,2013-11-6,99,6,2013-11-4
8,2013-11-6,99,6,2013-11-6
12,2013-11-1,10,0,2012-12-8
12,2013-11-1,100,6,2013-10-2
12,2013-11-1,100,6,2013-10-3
12,2013-11-1,100,6,2013-10-22
12,2013-11-1,100,6,2013-10-26
12,2013-11-1,100,6,2013-10-26
12,2013-11-1,100,6,2013-10-27
12,2013-11-1,100,6,2013-10-27
12,2013-11-1,100,6,2013-10-27
12,2013-11-1,100,6,2013-10-28
12,2013-11-1,100,6,2013-10-28
12,2013-11-1,-10,13,2013-10-2
12,2013-11-1,1,1,2012-12-8
12,2013-11-1,1,20,2012-12-8
12,2013-11-1,1,2,2013-10-26
12,2013-11-1,1,6,2012-12-8
12,2013-11-1,2,11,2013-10-29
12,2013-11-1,2,11,2013-10-31
12,2013-11-1,2,1,2012-12-8
12,2013-11-1,2,3,2012-12-8
12,2013-11-1,2,3,2013-10-2
12,2013-11-1,2,3,2013-10-2
12,2013-11-1,2,3,2013-10-22
12,2013-11-1,2,3,2013-10-22
12,2013-11-1,2,3,2013-10-29
12,2013-11-1,2,3,2013-10-29
12,2013-11-1,2,3,2013-10-29
12,2013-11-1,2,3,2013-10-29
12,2013-11-1,2,3,2013-10-29
12,2013-11-1,2,3,2013-10-29
12,2013-11-1,2,3,2013-10-29
12,2013-11-1,2,3,2013-10-29
12,2013-11-1,2,3,2013-10-29
12,2013-11-1,2,3,2013-10-29
12,2013-11-1,2,3,2013-10-29
12,2013-11-1,2,3,2013-10-29
12,2013-11-1,2,3,2013-10-29
12,2013-11-1,2,3,2013-10-29
12,2013-11-1,2,3,2013-10-29
12,2013-11-1,2,3,2013-10-29
12,2013-11-1,2,3,2013-10-29
12,2013-11-1,2,3,2013-10-29
12,2013-11-1,2,3,2013-10-30
12,2013-11-1,2,3,2013-10-30
12,2013-11-1,2,3,2013-10-30
12,2013-11-1,2,3,2013-10-30
12,2013-11-1,2,3,2013-10-30
12,2013-11-1,2,3,2013-10-30
12,2013-11-1,2,3,2013-10-30
12,2013-11-1,2,3,2013-10-30
12,2013-11-1,2,3,2013-10-30
12,2013-11-1,2,3,2013-10-30
12,2013-11-1,2,3,2013-10-30
12,2013-11-1,2,3,2013-10-30
12,2013-11-1,2,3,2013-10-30
12,2013-11-1,2,3,2013-10-30
12,2013-11-1,2,3,2013-10-30
12,2013-11-1,2,3,2013-10-30
12,2013-11-1,2,3,2013-10-30
12,2013-11-1,2,3,2013-10-30
12,2013-11-1,2,3,2013-10-30
12,2013-11-1,2,3,2013-10-30
12,2013-11-1,2,3,2013-10-30
12,2013-11-1,2,3,2013-10-30
12,2013-11-1,2,3,2013-10-30
12,2013-11-1,2,3,2013-10-30
12,2013-11-1,2,3,2013-10-30
12,2013-11-1,2,3,2013-10-30
12,2013-11-1,2,3,2013-10-30
12,2013-11-1,2,3,2013-10-30
12,2013-11-1,2,3,2013-10-30
12,2013-11-1,2,3,2013-10-30
12,2013-11-1,2,3,2013-10-30
12,2013-11-1,2,3,2013-10-30
12,2013-11-1,2,3,2013-10-30
12,2013-11-1,2,3,2013-10-30
12,2013-11-1,2,3,2013-10-30
12,2013-11-1,2,3,2013-10-30
12,2013-11-1,2,3,2013-10-30
12,2013-11-1,2,3,2013-10-30
12,2013-11-1,2,3,2013-10-30
12,2013-11-1,2,3,2013-10-30
12,2013-11-1,2,3,2013-10-30
12,2013-11-1,2,3,2013-10-30
12,2013-11-1,2,3,2013-10-30
12,2013-11-1,2,3,2013-10-31
12,2013-11-1,2,3,2013-10-31
12,2013-11-1,2,3,2013-10-31
12,2013-11-1,2,3,2013-10-31
12,2013-11-1,2,3,2013-10-31
12,2013-11-1,2,3,2013-10-31
12,2013-11-1,2,3,2013-10-31
12,2013-11-1,2,3,2013-10-31
12,2013-11-1,2,3,2013-10-31
12,2013-11-1,2,3,2013-10-31
12,2013-11-1,2,3,2013-10-31
12,2013-11-1,2,3,2013-10-31
12,2013-11-1,2,3,2013-10-31
12,2013-11-1,2,3,2013-10-31
12,2013-11-1,2,3,2013-10-31
12,2013-11-1,2,3,2013-10-31
12,2013-11-1,2,3,2013-10-31
12,2013-11-1,2,3,2013-10-31
12,2013-11-1,2,3,2013-10-31
12,2013-11-1,2,3,2013-10-31
12,2013-11-1,2,3,2013-10-31
12,2013-11-1,2,3,2013-10-31
12,2013-11-1,2,3,2013-10-31
12,2013-11-1,2,3,2013-10-31
12,2013-11-1,2,3,2013-10-31
12,2013-11-1,2,3,2013-10-31
12,2013-11-1,2,3,2013-10-31
12,2013-11-1,2,3,2013-10-31
12,2013-11-1,2,3,2013-10-31
12,2013-11-1,2,3,2013-10-31
12,2013-11-1,2,3,2013-10-31
12,2013-11-1,2,3,2013-10-31
12,2013-11-1,2,3,2013-10-31
12,2013-11-1,2,3,2013-10-31
12,2013-11-1,2,3,2013-10-31
12,2013-11-1,2,3,2013-10-31
12,2013-11-1,2,3,2013-10-31
12,2013-11-1,2,3,2013-10-31
12,2013-11-1,2,3,2013-10-31
12,2013-11-1,2,3,2013-10-31
12,2013-11-1,2,3,2013-10-31
12,2013-11-1,2,3,2013-10-31
12,2013-11-1,2,3,2013-10-31
12,2013-11-1,2,3,2013-10-31
12,2013-11-1,2,3,2013-10-31
12,2013-11-1,2,3,2013-10-31
12,2013-11-1,2,3,2013-10-31
12,2013-11-1,2,3,2013-10-31
12,2013-11-1,2,3,2013-10-31
12,2013-11-1,2,3,2013-10-31
12,2013-11-1,2,3,2013-10-31
12,2013-11-1,2,3,2013-10-31
12,2013-11-1,2,3,2013-10-31
12,2013-11-1,2,3,2013-10-31
12,2013-11-1,2,3,2013-10-31
12,2013-11-1,2,3,2013-11-1
12,2013-11-1,2,3,2013-11-1
12,2013-11-1,2,3,2013-11-1
12,2013-11-1,2,3,2013-11-1
12,2013-11-1,2,3,2013-11-1
12,2013-11-1,2,3,2013-11-1
12,2013-11-1,2,3,2013-11-1
12,2013-11-1,2,3,2013-11-1
12,2013-11-1,2,3,2013-11-1
12,2013-11-1,2,3,2013-11-1
12,2013-11-1,2,3,2013-11-1
12,2013-11-1,2,3,2013-11-1
12,2013-11-1,2,3,2013-11-1
12,2013-11-1,2,3,2013-11-1
12,2013-11-1,2,3,2013-11-1
12,2013-11-1,2,3,2013-11-1
12,2013-11-1,2,3,2013-11-1
12,2013-11-1,2,3,2013-11-1
12,2013-11-1,2,3,2013-11-1
12,2013-11-1,2,3,2013-11-1
12,2013-11-1,3,1,2012-12-8
12,2013-11-1,4,1,2013-10-2
12,2013-11-1,-4,6,2013-10-2
12,2013-11-1,-4,6,2013-10-3
12,2013-11-1,-4,6,2013-10-22
12,2013-11-1,-4,6,2013-10-26
12,2013-11-1,-4,6,2013-10-26
12,2013-11-1,-4,6,2013-10-27
12,2013-11-1,-4,6,2013-10-27
12,2013-11-1,-4,6,2013-10-27
12,2013-11-1,-4,6,2013-10-28
12,2013-11-1,-4,6,2013-10-28
12,2013-11-1,-4,6,2013-10-28
12,2013-11-1,-4,6,2013-10-28
12,2013-11-1,-4,6,2013-10-28
12,2013-11-1,-4,6,2013-10-28
12,2013-11-1,-4,6,2013-10-29
12,2013-11-1,-4,6,2013-10-29
12,2013-11-1,-4,6,2013-10-29
12,2013-11-1,-4,6,2013-10-29
12,2013-11-1,-4,6,2013-10-29
12,2013-11-1,-4,6,2013-10-30
12,2013-11-1,-4,6,2013-10-30
12,2013-11-1,-4,6,2013-10-30
12,2013-11-1,-4,6,2013-10-30
12,2013-11-1,-4,6,2013-10-30
12,2013-11-1,-4,6,2013-10-31
12,2013-11-1,-4,6,2013-10-31
12,2013-11-1,-4,6,2013-10-31
12,2013-11-1,-4,6,2013-10-31
12,2013-11-1,-4,6,2013-10-31
12,2013-11-1,-4,6,2013-10-31
12,2013-11-1,-4,6,2013-10-31
12,2013-11-1,-4,6,2013-10-31
12,2013-11-1,-4,6,2013-11-1
12,2013-11-1,-4,6,2013-11-1
12,2013-11-1,-4,6,2013-11-1
12,2013-11-1,4,7,2013-10-28
12,2013-11-1,4,7,2013-10-28
16,2013-11-5,1,0,2013-10-27
16,2013-11-5,1,1,2013-10-27
16,2013-11-5,1,2,2013-10-27
16,2013-11-5,2,1,2013-10-27
16,2013-11-5,4,1,2013-10-27
16,2013-11-5,-4,6,2013-10-27
16,2013-11-5,-4,6,2013-10-28
16,2013-11-5,-4,6,2013-10-30
16,2013-11-5,-4,6,2013-10-31
16,2013-11-5,-4,6,2013-11-1
16,2013-11-5,-4,6,2013-11-1
16,2013-11-5,-4,6,2013-11-2
16,2013-11-5,-4,6,2013-11-2
16,2013-11-5,-4,6,2013-11-4
16,2013-11-5,-4,6,2013-11-4
17,2013-11-5,1,0,2013-10-27
17,2013-11-5,1,1,2013-10-27
17,2013-11-5,1,2,2013-10-27
17,2013-11-5,2,1,2013-10-27
17,2013-11-5,4,1,2013-10-27
17,2013-11-5,-4,6,2013-10-27
17,2013-11-5,-4,6,2013-10-31
17,2013-11-5,-4,6,2013-11-1
17,2013-11-5,-4,6,2013-11-1
17,2013-11-5,-4,6,2013-11-4
17,2013-11-5,-4,6,2013-11-5
18,2013-11-1,1,0,2013-10-27
18,2013-11-1,1,1,2013-10-27
18,2013-11-1,1,2,2013-10-27
18,2013-11-1,2,1,2013-10-27
18,2013-11-1,2,7,2013-10-27
18,2013-11-1,2,7,2013-10-27
18,2013-11-1,4,1,2013-10-27
18,2013-11-1,-4,6,2013-10-27
18,2013-11-1,-4,6,2013-10-27
18,2013-11-1,-4,6,2013-10-27
18,2013-11-1,-4,6,2013-10-27
18,2013-11-1,-4,6,2013-10-27
18,2013-11-1,-4,6,2013-10-27
18,2013-11-1,-4,6,2013-10-27
18,2013-11-1,-4,6,2013-10-27
18,2013-11-1,-4,6,2013-10-28
18,2013-11-1,-4,6,2013-10-28
18,2013-11-1,-4,6,2013-10-28
18,2013-11-1,-4,6,2013-10-28
18,2013-11-1,-4,6,2013-10-28
18,2013-11-1,-4,6,2013-10-29
18,2013-11-1,-4,6,2013-10-29
18,2013-11-1,-4,6,2013-10-29
18,2013-11-1,-4,6,2013-10-30
18,2013-11-1,-4,6,2013-10-30
18,2013-11-1,-4,6,2013-10-30
18,2013-11-1,-4,6,2013-10-30
18,2013-11-1,-4,6,2013-10-30
18,2013-11-1,-4,6,2013-10-30
18,2013-11-1,-4,6,2013-10-30
18,2013-11-1,-4,6,2013-10-31
18,2013-11-1,-4,6,2013-10-31
18,2013-11-1,-4,6,2013-10-31
18,2013-11-1,-4,6,2013-11-1
20,2013-11-1,1,0,2013-10-27
20,2013-11-1,1,1,2013-10-27
20,2013-11-1,1,2,2013-10-28
20,2013-11-1,2,1,2013-10-27
20,2013-11-1,4,1,2013-10-27
20,2013-11-1,-4,6,2013-10-27
20,2013-11-1,-4,6,2013-10-29
20,2013-11-1,-4,6,2013-10-29
20,2013-11-1,-4,6,2013-10-30
20,2013-11-1,-4,6,2013-10-30
20,2013-11-1,-4,6,2013-10-30
20,2013-11-1,-4,6,2013-10-30
20,2013-11-1,-4,6,2013-10-31
20,2013-11-1,-4,6,2013-10-31
20,2013-11-1,-4,6,2013-10-31
20,2013-11-1,-4,6,2013-11-1
21,2013-11-1,1,0,2013-10-28
21,2013-11-1,10,20,2013-10-28
21,2013-11-1,1,1,2013-10-28
21,2013-11-1,1,2,2013-10-28
21,2013-11-1,2,1,2013-10-28
21,2013-11-1,2,21,2013-11-1
21,2013-11-1,4,1,2013-10-28
21,2013-11-1,-4,6,2013-10-28
21,2013-11-1,-4,6,2013-10-28
21,2013-11-1,-4,6,2013-10-28
21,2013-11-1,-4,6,2013-10-29
21,2013-11-1,-4,6,2013-10-29
21,2013-11-1,-4,6,2013-10-29
21,2013-11-1,-4,6,2013-10-30
23,2013-11-1,10,0,2013-8-11
23,2013-11-1,107,6,2013-9-16
23,2013-11-1,107,6,2013-9-17
23,2013-11-1,107,6,2013-9-17
23,2013-11-1,107,6,2013-9-17
23,2013-11-1,107,6,2013-9-18
23,2013-11-1,107,6,2013-9-18
23,2013-11-1,107,6,2013-9-19
23,2013-11-1,107,6,2013-9-19
23,2013-11-1,107,6,2013-9-19
23,2013-11-1,107,6,2013-9-22
23,2013-11-1,107,6,2013-9-23
23,2013-11-1,107,6,2013-9-23
23,2013-11-1,107,6,2013-9-23
23,2013-11-1,107,6,2013-9-23
23,2013-11-1,107,6,2013-9-23
23,2013-11-1,107,6,2013-9-23
23,2013-11-1,107,6,2013-10-11
23,2013-11-1,107,6,2013-10-11
23,2013-11-1,107,6,2013-10-11
23,2013-11-1,107,6,2013-10-11
23,2013-11-1,107,6,2013-10-28
23,2013-11-1,107,6,2013-10-31
23,2013-11-1,107,6,2013-11-1
23,2013-11-1,1,1,2013-8-11
23,2013-11-1,1,2,2013-9-16
23,2013-11-1,1,2,2013-10-28
23,2013-11-1,1,6,2013-8-11
23,2013-11-1,2,1,2013-8-11
23,2013-11-1,4,1,2013-8-11
23,2013-11-1,-4,6,2013-9-6
23,2013-11-1,-4,6,2013-9-6
23,2013-11-1,-4,6,2013-9-6
23,2013-11-1,-4,6,2013-9-6
23,2013-11-1,-4,6,2013-9-7
23,2013-11-1,-4,6,2013-9-16
23,2013-11-1,-4,6,2013-9-16
23,2013-11-1,-4,6,2013-9-16
23,2013-11-1,-4,6,2013-9-16
23,2013-11-1,-4,6,2013-9-17
23,2013-11-1,-4,6,2013-9-17
23,2013-11-1,-4,6,2013-9-17
23,2013-11-1,-4,6,2013-9-17
23,2013-11-1,-4,6,2013-9-17
23,2013-11-1,-4,6,2013-9-17
23,2013-11-1,-4,6,2013-9-18
23,2013-11-1,-4,6,2013-9-18
23,2013-11-1,-4,6,2013-9-19
23,2013-11-1,-4,6,2013-9-19
23,2013-11-1,-4,6,2013-9-19
23,2013-11-1,-4,6,2013-9-22
23,2013-11-1,-4,6,2013-9-23
23,2013-11-1,-4,6,2013-9-23
23,2013-11-1,-4,6,2013-10-11
23,2013-11-1,-4,6,2013-10-28
23,2013-11-1,-4,6,2013-10-31
23,2013-11-1,-4,6,2013-11-1
23,2013-11-1,4,7,2013-9-6
23,2013-11-1,4,7,2013-9-6
23,2013-11-1,4,7,2013-9-6
23,2013-11-1,4,7,2013-9-6
23,2013-11-1,4,7,2013-9-6
23,2013-11-1,4,7,2013-9-23
23,2013-11-1,4,7,2013-9-23
23,2013-11-1,4,7,2013-9-23
23,2013-11-1,4,7,2013-9-23
23,2013-11-1,4,7,2013-10-11
29,2013-11-1,1,0,2013-10-28
29,2013-11-1,1,1,2013-10-28
29,2013-11-1,1,2,2013-10-28
29,2013-11-1,2,1,2013-10-28
29,2013-11-1,2,21,2013-11-1
29,2013-11-1,4,1,2013-10-28
29,2013-11-1,-4,6,2013-10-28
29,2013-11-1,-4,6,2013-10-28
29,2013-11-1,-4,6,2013-10-28
29,2013-11-1,-4,6,2013-10-28
29,2013-11-1,-4,6,2013-10-28
29,2013-11-1,-4,6,2013-10-28
29,2013-11-1,-4,6,2013-10-29
29,2013-11-1,-4,6,2013-10-29
29,2013-11-1,-4,6,2013-10-30
29,2013-11-1,-4,6,2013-10-30
29,2013-11-1,-4,6,2013-10-30
29,2013-11-1,-4,6,2013-10-31
29,2013-11-1,-4,6,2013-10-31
31,2013-11-5,1,0,2013-10-28
31,2013-11-5,1,1,2013-10-28
31,2013-11-5,1,2,2013-10-28
31,2013-11-5,2,1,2013-10-28
31,2013-11-5,4,1,2013-10-28
31,2013-11-5,-4,6,2013-10-28
31,2013-11-5,-4,6,2013-10-28
31,2013-11-5,-4,6,2013-10-30
31,2013-11-5,-4,6,2013-10-31
31,2013-11-5,-4,6,2013-11-5
33,2013-11-1,1,21,2011-9-19
33,2013-11-1,1,21,2011-9-20
33,2013-11-1,1,2,2013-10-28
33,2013-11-1,1,6,2011-9-19
33,2013-11-1,4,1,2011-9-19
33,2013-11-1,4,19,2011-9-19
33,2013-11-1,-4,6,2013-10-28
33,2013-11-1,-4,6,2013-10-28
33,2013-11-1,-4,6,2013-10-28
33,2013-11-1,-4,6,2013-10-28
33,2013-11-1,-4,6,2013-10-28
33,2013-11-1,-4,6,2013-10-29
33,2013-11-1,-4,6,2013-10-29
33,2013-11-1,-4,6,2013-10-29
33,2013-11-1,-4,6,2013-10-29
33,2013-11-1,-4,6,2013-10-29
33,2013-11-1,-4,6,2013-10-29
33,2013-11-1,-4,6,2013-10-29
33,2013-11-1,-4,6,2013-10-29
33,2013-11-1,-4,6,2013-10-29
33,2013-11-1,-4,6,2013-10-29
33,2013-11-1,-4,6,2013-10-29
33,2013-11-1,-4,6,2013-10-29
33,2013-11-1,-4,6,2013-10-29
33,2013-11-1,-4,6,2013-10-29
33,2013-11-1,-4,6,2013-10-29
33,2013-11-1,-4,6,2013-10-29
33,2013-11-1,-4,6,2013-10-29
33,2013-11-1,-4,6,2013-10-29
33,2013-11-1,-4,6,2013-10-30
33,2013-11-1,-4,6,2013-10-30
33,2013-11-1,-4,6,2013-10-30
33,2013-11-1,-4,6,2013-10-30
33,2013-11-1,-4,6,2013-10-30
33,2013-11-1,-4,6,2013-10-30
33,2013-11-1,-4,6,2013-10-30
33,2013-11-1,-4,6,2013-10-30
33,2013-11-1,-4,6,2013-10-30
33,2013-11-1,-4,6,2013-10-31
33,2013-11-1,-4,6,2013-10-31
33,2013-11-1,-4,6,2013-10-31
33,2013-11-1,-4,6,2013-10-31
33,2013-11-1,-4,6,2013-10-31
33,2013-11-1,-4,6,2013-11-1
33,2013-11-1,4,7,2013-10-28
33,2013-11-1,4,7,2013-10-28
35,2013-11-5,1,0,2013-10-21
35,2013-11-5,1,1,2013-10-21
35,2013-11-5,1,2,2013-10-28
35,2013-11-5,2,1,2013-10-21
35,2013-11-5,4,1,2013-10-21
35,2013-11-5,-4,6,2013-10-21
35,2013-11-5,-4,6,2013-10-28
35,2013-11-5,-4,6,2013-10-29
35,2013-11-5,-4,6,2013-10-30
35,2013-11-5,-4,6,2013-10-30
35,2013-11-5,-4,6,2013-10-31
35,2013-11-5,-4,6,2013-11-1
35,2013-11-5,-4,6,2013-11-1
35,2013-11-5,-4,6,2013-11-1
35,2013-11-5,-4,6,2013-11-1
35,2013-11-5,-4,6,2013-11-1
35,2013-11-5,-4,6,2013-11-2
35,2013-11-5,-4,6,2013-11-2
35,2013-11-5,-4,6,2013-11-3
35,2013-11-5,-4,6,2013-11-4
36,2013-11-1,-10,13,2013-10-29
36,2013-11-1,1,0,2013-10-28
36,2013-11-1,1,1,2013-10-28
36,2013-11-1,1,2,2013-10-28
36,2013-11-1,2,1,2013-10-28
36,2013-11-1,2,21,2013-11-1
36,2013-11-1,2,3,2013-10-29
36,2013-11-1,3,1,2013-10-29
36,2013-11-1,4,1,2013-10-28
36,2013-11-1,-4,6,2013-10-28
36,2013-11-1,-4,6,2013-10-29
36,2013-11-1,-4,6,2013-10-29
36,2013-11-1,-4,6,2013-10-29
36,2013-11-1,-4,6,2013-10-29
36,2013-11-1,-4,6,2013-10-29
36,2013-11-1,-4,6,2013-10-30
36,2013-11-1,-4,6,2013-10-30
36,2013-11-1,-4,6,2013-10-30
36,2013-11-1,-4,6,2013-10-30
36,2013-11-1,-4,6,2013-10-30
36,2013-11-1,-4,6,2013-11-1
36,2013-11-1,-4,6,2013-11-1
37,2013-11-1,10,0,2013-5-14
37,2013-11-1,-10,13,2013-9-11
37,2013-11-1,107,6,2013-9-11
37,2013-11-1,107,6,2013-10-28
37,2013-11-1,107,6,2013-10-28
37,2013-11-1,107,6,2013-10-28
37,2013-11-1,107,6,2013-10-28
37,2013-11-1,107,6,2013-10-29
37,2013-11-1,107,6,2013-10-29
37,2013-11-1,107,6,2013-10-30
37,2013-11-1,107,6,2013-10-30
37,2013-11-1,107,6,2013-10-30
37,2013-11-1,107,6,2013-10-30
37,2013-11-1,107,6,2013-10-31
37,2013-11-1,107,6,2013-10-31
37,2013-11-1,107,6,2013-11-1
37,2013-11-1,1,1,2013-5-14
37,2013-11-1,1,2,2013-10-28
37,2013-11-1,1,6,2013-5-14
37,2013-11-1,2,1,2013-5-14
37,2013-11-1,2,3,2013-9-11
37,2013-11-1,3,1,2013-9-11
37,2013-11-1,4,0,2013-5-14
37,2013-11-1,4,1,2013-5-14
37,2013-11-1,-4,6,2013-9-11
37,2013-11-1,-4,6,2013-10-28
37,2013-11-1,-4,6,2013-10-28
37,2013-11-1,-4,6,2013-10-28
37,2013-11-1,-4,6,2013-10-28
37,2013-11-1,-4,6,2013-10-29
37,2013-11-1,-4,6,2013-10-29
37,2013-11-1,-4,6,2013-10-30
37,2013-11-1,-4,6,2013-10-30
37,2013-11-1,-4,6,2013-10-31
37,2013-11-1,-4,6,2013-10-31
37,2013-11-1,-4,6,2013-11-1
41,2013-11-7,-10,13,2013-10-29
41,2013-11-7,1,0,2013-10-29
41,2013-11-7,102,6,2013-11-1
41,2013-11-7,107,6,2013-10-30
41,2013-11-7,107,6,2013-11-1
41,2013-11-7,107,6,2013-11-2
41,2013-11-7,107,6,2013-11-6
41,2013-11-7,107,6,2013-11-7
41,2013-11-7,107,6,2013-11-7
41,2013-11-7,1,1,2013-10-29
41,2013-11-7,1,2,2013-10-29
41,2013-11-7,2,1,2013-10-29
41,2013-11-7,3,1,2013-10-29
41,2013-11-7,4,1,2013-10-29
41,2013-11-7,-4,6,2013-10-29
41,2013-11-7,-4,6,2013-10-29
41,2013-11-7,-4,6,2013-10-29
41,2013-11-7,-4,6,2013-10-29
41,2013-11-7,-4,6,2013-10-29
41,2013-11-7,-4,6,2013-10-30
41,2013-11-7,-4,6,2013-11-1
41,2013-11-7,-4,6,2013-11-1
41,2013-11-7,-4,6,2013-11-2
41,2013-11-7,-4,6,2013-11-6
41,2013-11-7,-4,6,2013-11-7
41,2013-11-7,-4,6,2013-11-7
41,2013-11-7,-4,6,2013-11-7
41,2013-11-7,-4,6,2013-11-7
41,2013-11-7,-4,6,2013-11-7
43,2013-11-4,1,0,2013-10-29
43,2013-11-4,1,1,2013-10-29
43,2013-11-4,1,2,2013-10-29
43,2013-11-4,2,1,2013-10-29
43,2013-11-4,4,1,2013-10-29
43,2013-11-4,-4,6,2013-10-29
43,2013-11-4,-4,6,2013-10-29
43,2013-11-4,-4,6,2013-10-29
43,2013-11-4,-4,6,2013-10-30
43,2013-11-4,-4,6,2013-10-31
43,2013-11-4,-4,6,2013-10-31
43,2013-11-4,-4,6,2013-10-31
43,2013-11-4,-4,6,2013-10-31
43,2013-11-4,-4,6,2013-10-31
43,2013-11-4,-4,6,2013-10-31
43,2013-11-4,-4,6,2013-10-31
43,2013-11-4,-4,6,2013-10-31
43,2013-11-4,-4,6,2013-11-1
43,2013-11-4,-4,6,2013-11-1
43,2013-11-4,-4,6,2013-11-1
43,2013-11-4,-4,6,2013-11-1
43,2013-11-4,-4,6,2013-11-1
43,2013-11-4,-4,6,2013-11-2
43,2013-11-4,-4,6,2013-11-2
43,2013-11-4,-4,6,2013-11-2
43,2013-11-4,-4,6,2013-11-2
43,2013-11-4,-4,6,2013-11-3
43,2013-11-4,-4,6,2013-11-3
43,2013-11-4,-4,6,2013-11-4
43,2013-11-4,-4,6,2013-11-4
43,2013-11-4,-4,6,2013-11-4
43,2013-11-4,-4,6,2013-11-4
43,2013-11-4,-4,6,2013-11-4
48,2013-11-9,10,0,2013-7-4
48,2013-11-9,-10,13,2013-7-5
48,2013-11-9,107,6,2013-7-5
48,2013-11-9,107,6,2013-7-5
48,2013-11-9,107,6,2013-7-6
48,2013-11-9,107,6,2013-7-6
48,2013-11-9,107,6,2013-7-6
48,2013-11-9,107,6,2013-7-6
48,2013-11-9,107,6,2013-7-7
48,2013-11-9,107,6,2013-7-7
48,2013-11-9,107,6,2013-7-8
48,2013-11-9,107,6,2013-7-9
48,2013-11-9,107,6,2013-7-9
48,2013-11-9,107,6,2013-7-10
48,2013-11-9,107,6,2013-7-12
48,2013-11-9,107,6,2013-7-13
48,2013-11-9,107,6,2013-7-17
48,2013-11-9,107,6,2013-9-19
48,2013-11-9,107,6,2013-10-21
48,2013-11-9,107,6,2013-10-21
48,2013-11-9,107,6,2013-10-27
48,2013-11-9,107,6,2013-10-29
48,2013-11-9,107,6,2013-10-29
48,2013-11-9,107,6,2013-10-29
48,2013-11-9,107,6,2013-10-29
48,2013-11-9,107,6,2013-10-30
48,2013-11-9,107,6,2013-10-31
48,2013-11-9,107,6,2013-11-3
48,2013-11-9,107,6,2013-11-3
48,2013-11-9,107,6,2013-11-7
48,2013-11-9,107,6,2013-11-7
48,2013-11-9,107,6,2013-11-8
48,2013-11-9,107,6,2013-11-9
48,2013-11-9,1,1,2013-7-4
48,2013-11-9,1,2,2013-7-5
48,2013-11-9,1,2,2013-10-29
48,2013-11-9,1,6,2013-7-4
48,2013-11-9,2,1,2013-7-4
48,2013-11-9,3,1,2013-7-5
48,2013-11-9,4,1,2013-7-4
48,2013-11-9,4,19,2013-7-5
48,2013-11-9,-4,6,2013-9-19
48,2013-11-9,-4,6,2013-10-21
48,2013-11-9,-4,6,2013-10-21
48,2013-11-9,-4,6,2013-10-27
48,2013-11-9,-4,6,2013-10-29
48,2013-11-9,-4,6,2013-10-29
48,2013-11-9,-4,6,2013-10-29
48,2013-11-9,-4,6,2013-10-29
48,2013-11-9,-4,6,2013-10-30
48,2013-11-9,-4,6,2013-10-31
48,2013-11-9,-4,6,2013-11-3
48,2013-11-9,-4,6,2013-11-3
48,2013-11-9,-4,6,2013-11-7
48,2013-11-9,-4,6,2013-11-7
48,2013-11-9,-4,6,2013-11-8
48,2013-11-9,-4,6,2013-11-9
48,2013-11-9,-4,6,2013-11-9
48,2013-11-9,-4,6,2013-11-9
48,2013-11-9,4,7,2013-7-5
48,2013-11-9,4,7,2013-7-12
51,2013-11-5,1,0,2013-10-29
51,2013-11-5,1,1,2013-10-29
51,2013-11-5,1,2,2013-10-29
51,2013-11-5,1,4,2013-11-2
51,2013-11-5,1,4,2013-11-4
51,2013-11-5,2,1,2013-10-29
51,2013-11-5,2,7,2013-11-5
51,2013-11-5,2,7,2013-11-5
51,2013-11-5,4,1,2013-10-29
51,2013-11-5,-4,6,2013-10-29
51,2013-11-5,-4,6,2013-10-29
51,2013-11-5,-4,6,2013-10-29
51,2013-11-5,-4,6,2013-10-29
51,2013-11-5,-4,6,2013-10-29
51,2013-11-5,-4,6,2013-10-30
51,2013-11-5,-4,6,2013-10-31
51,2013-11-5,-4,6,2013-11-2
51,2013-11-5,-4,6,2013-11-4
51,2013-11-5,-4,6,2013-11-4
51,2013-11-5,-4,6,2013-11-4
51,2013-11-5,-4,6,2013-11-4
51,2013-11-5,-4,6,2013-11-5
57,2013-11-1,1,0,2013-10-29
57,2013-11-1,1,1,2013-10-29
57,2013-11-1,1,2,2013-10-29
57,2013-11-1,2,1,2013-10-29
57,2013-11-1,4,1,2013-10-29
57,2013-11-1,-4,6,2013-10-29
57,2013-11-1,-4,6,2013-10-29
57,2013-11-1,-4,6,2013-10-29
57,2013-11-1,-4,6,2013-10-29
57,2013-11-1,-4,6,2013-10-30
57,2013-11-1,-4,6,2013-10-31
57,2013-11-1,-4,6,2013-11-1
57,2013-11-1,4,7,2013-10-29
62,2013-11-5,1,0,2013-9-27
62,2013-11-5,1,1,2013-9-27
62,2013-11-5,1,2,2013-10-29
62,2013-11-5,1,4,2013-10-31
62,2013-11-5,1,4,2013-11-5
62,2013-11-5,1,4,2013-11-5
62,2013-11-5,2,1,2013-9-27
62,2013-11-5,4,1,2013-9-27
62,2013-11-5,-4,6,2013-9-27
62,2013-11-5,-4,6,2013-10-29
62,2013-11-5,-4,6,2013-10-29
62,2013-11-5,-4,6,2013-10-30
62,2013-11-5,-4,6,2013-10-30
62,2013-11-5,-4,6,2013-10-31
62,2013-11-5,-4,6,2013-10-31
62,2013-11-5,-4,6,2013-10-31
62,2013-11-5,-4,6,2013-10-31
62,2013-11-5,-4,6,2013-10-31
62,2013-11-5,-4,6,2013-11-1
62,2013-11-5,-4,6,2013-11-1
62,2013-11-5,-4,6,2013-11-1
62,2013-11-5,-4,6,2013-11-1
62,2013-11-5,-4,6,2013-11-1
62,2013-11-5,-4,6,2013-11-2
62,2013-11-5,-4,6,2013-11-2
62,2013-11-5,-4,6,2013-11-3
62,2013-11-5,-4,6,2013-11-3
62,2013-11-5,-4,6,2013-11-4
62,2013-11-5,-4,6,2013-11-4
62,2013-11-5,-4,6,2013-11-4
62,2013-11-5,-4,6,2013-11-4
62,2013-11-5,-4,6,2013-11-5
62,2013-11-5,-4,6,2013-11-5
62,2013-11-5,-4,6,2013-11-5
67,2013-11-7,1,0,2013-10-29
67,2013-11-7,1,1,2013-10-29
67,2013-11-7,1,2,2013-10-29
67,2013-11-7,2,1,2013-10-29
67,2013-11-7,2,21,2013-11-7
67,2013-11-7,4,1,2013-10-29
67,2013-11-7,-4,6,2013-10-29
67,2013-11-7,-4,6,2013-10-31
67,2013-11-7,-4,6,2013-10-31
67,2013-11-7,-4,6,2013-11-2
67,2013-11-7,-4,6,2013-11-3
67,2013-11-7,-4,6,2013-11-3
67,2013-11-7,-4,6,2013-11-3
67,2013-11-7,-4,6,2013-11-5
67,2013-11-7,-4,6,2013-11-5
67,2013-11-7,-4,6,2013-11-5
67,2013-11-7,-4,6,2013-11-6
67,2013-11-7,-4,6,2013-11-6
68,2013-11-1,107,6,2013-8-30
68,2013-11-1,107,6,2013-8-30
68,2013-11-1,107,6,2013-9-1
68,2013-11-1,107,6,2013-9-3
68,2013-11-1,107,6,2013-9-4
68,2013-11-1,107,6,2013-9-15
68,2013-11-1,107,6,2013-10-28
68,2013-11-1,107,6,2013-10-29
68,2013-11-1,107,6,2013-10-29
68,2013-11-1,107,6,2013-10-31
68,2013-11-1,107,6,2013-10-31
68,2013-11-1,1,1,2013-8-26
68,2013-11-1,12,0,2013-8-26
68,2013-11-1,1,2,2013-8-30
68,2013-11-1,1,2,2013-10-28
68,2013-11-1,1,2,2013-10-29
68,2013-11-1,1,2,2013-10-29
68,2013-11-1,2,1,2013-8-26
68,2013-11-1,4,1,2013-8-26
68,2013-11-1,-4,6,2013-8-26
68,2013-11-1,-4,6,2013-8-30
68,2013-11-1,-4,6,2013-8-30
68,2013-11-1,-4,6,2013-9-1
68,2013-11-1,-4,6,2013-9-3
68,2013-11-1,-4,6,2013-9-4
68,2013-11-1,-4,6,2013-9-15
68,2013-11-1,-4,6,2013-10-28
68,2013-11-1,-4,6,2013-10-29
68,2013-11-1,-4,6,2013-10-29
68,2013-11-1,-4,6,2013-10-31
68,2013-11-1,-4,6,2013-10-31
68,2013-11-1,4,7,2013-10-31
71,2013-11-4,10,0,2013-8-4
71,2013-11-4,-10,13,2013-11-3
71,2013-11-4,1,1,2013-8-4
71,2013-11-4,1,2,2013-10-29
71,2013-11-4,1,6,2013-8-4
71,2013-11-4,2,1,2013-8-4
71,2013-11-4,2,7,2013-11-3
71,2013-11-4,3,1,2013-11-3
71,2013-11-4,4,1,2013-8-4
71,2013-11-4,-4,6,2013-9-26
71,2013-11-4,-4,6,2013-9-26
71,2013-11-4,-4,6,2013-10-29
71,2013-11-4,-4,6,2013-10-29
71,2013-11-4,-4,6,2013-10-30
71,2013-11-4,-4,6,2013-10-30
71,2013-11-4,-4,6,2013-10-30
71,2013-11-4,-4,6,2013-10-30
71,2013-11-4,-4,6,2013-10-30
71,2013-11-4,-4,6,2013-10-31
71,2013-11-4,-4,6,2013-10-31
71,2013-11-4,-4,6,2013-10-31
71,2013-11-4,-4,6,2013-10-31
71,2013-11-4,-4,6,2013-10-31
71,2013-11-4,-4,6,2013-10-31
71,2013-11-4,-4,6,2013-10-31
71,2013-11-4,-4,6,2013-11-1
71,2013-11-4,-4,6,2013-11-1
71,2013-11-4,-4,6,2013-11-1
71,2013-11-4,-4,6,2013-11-1
71,2013-11-4,-4,6,2013-11-2
71,2013-11-4,-4,6,2013-11-2
71,2013-11-4,-4,6,2013-11-2
71,2013-11-4,-4,6,2013-11-3
71,2013-11-4,-4,6,2013-11-3
71,2013-11-4,-4,6,2013-11-3
71,2013-11-4,-4,6,2013-11-3
71,2013-11-4,-4,6,2013-11-4
71,2013-11-4,-4,6,2013-11-4
71,2013-11-4,-4,6,2013-11-4
71,2013-11-4,-4,6,2013-11-4
71,2013-11-4,-4,6,2013-11-4
71,2013-11-4,4,7,2013-9-26
71,2013-11-4,4,7,2013-10-29
73,2013-11-1,1,0,2013-10-29
73,2013-11-1,1,1,2013-10-29
73,2013-11-1,1,2,2013-10-29
73,2013-11-1,1,4,2013-10-30
73,2013-11-1,1,4,2013-10-30
73,2013-11-1,1,4,2013-10-30
73,2013-11-1,2,1,2013-10-29
73,2013-11-1,4,1,2013-10-29
73,2013-11-1,-4,6,2013-10-29
73,2013-11-1,-4,6,2013-10-29
73,2013-11-1,-4,6,2013-10-29
73,2013-11-1,-4,6,2013-10-29
73,2013-11-1,-4,6,2013-10-29
73,2013-11-1,-4,6,2013-10-29
73,2013-11-1,-4,6,2013-10-29
73,2013-11-1,-4,6,2013-10-30
73,2013-11-1,-4,6,2013-10-30
73,2013-11-1,-4,6,2013-10-31
73,2013-11-1,-4,6,2013-11-1
75,2013-11-5,-10,13,2013-6-10
75,2013-11-5,1,0,2013-6-10
75,2013-11-5,1,1,2013-6-10
75,2013-11-5,1,2,2013-10-29
75,2013-11-5,2,1,2013-6-10
75,2013-11-5,3,1,2013-6-10
75,2013-11-5,4,1,2013-6-10
75,2013-11-5,-4,6,2013-6-10
75,2013-11-5,4,6,2013-6-10
75,2013-11-5,-4,6,2013-10-6
75,2013-11-5,-4,6,2013-10-29
75,2013-11-5,-4,6,2013-10-31
75,2013-11-5,-4,6,2013-11-1
75,2013-11-5,-4,6,2013-11-1
75,2013-11-5,-4,6,2013-11-1
75,2013-11-5,-4,6,2013-11-1
75,2013-11-5,-4,6,2013-11-2
75,2013-11-5,-4,6,2013-11-2
75,2013-11-5,-4,6,2013-11-2
75,2013-11-5,-4,6,2013-11-2
75,2013-11-5,-4,6,2013-11-3
75,2013-11-5,-4,6,2013-11-4
75,2013-11-5,-4,6,2013-11-4
75,2013-11-5,-4,6,2013-11-4
75,2013-11-5,-4,6,2013-11-4
75,2013-11-5,-4,6,2013-11-5
75,2013-11-5,4,7,2013-6-10
80,2013-11-1,-10,13,2013-10-28
80,2013-11-1,1,1,2013-10-28
80,2013-11-1,1,20,2013-10-28
80,2013-11-1,12,0,2013-10-28
80,2013-11-1,1,2,2013-10-29
80,2013-11-1,2,11,2013-10-29
80,2013-11-1,2,11,2013-10-31
80,2013-11-1,2,1,2013-10-28
80,2013-11-1,2,3,2013-10-28
80,2013-11-1,2,3,2013-10-28
80,2013-11-1,2,3,2013-10-28
80,2013-11-1,2,3,2013-10-30
80,2013-11-1,2,3,2013-10-30
80,2013-11-1,2,3,2013-10-31
80,2013-11-1,2,3,2013-10-31
80,2013-11-1,2,3,2013-10-31
80,2013-11-1,2,3,2013-10-31
80,2013-11-1,2,3,2013-10-31
80,2013-11-1,2,3,2013-10-31
80,2013-11-1,2,3,2013-10-31
80,2013-11-1,2,3,2013-10-31
80,2013-11-1,2,3,2013-10-31
80,2013-11-1,2,3,2013-10-31
80,2013-11-1,2,3,2013-10-31
80,2013-11-1,2,3,2013-10-31
80,2013-11-1,2,3,2013-10-31
80,2013-11-1,2,3,2013-10-31
80,2013-11-1,2,3,2013-10-31
80,2013-11-1,2,3,2013-10-31
80,2013-11-1,2,3,2013-10-31
80,2013-11-1,2,3,2013-10-31
80,2013-11-1,2,3,2013-10-31
80,2013-11-1,2,3,2013-10-31
80,2013-11-1,2,3,2013-10-31
80,2013-11-1,2,3,2013-10-31
80,2013-11-1,2,3,2013-10-31
80,2013-11-1,2,3,2013-10-31
80,2013-11-1,2,3,2013-10-31
80,2013-11-1,2,3,2013-10-31
80,2013-11-1,2,3,2013-10-31
80,2013-11-1,2,3,2013-10-31
80,2013-11-1,2,3,2013-10-31
80,2013-11-1,2,3,2013-10-31
80,2013-11-1,2,3,2013-10-31
80,2013-11-1,2,3,2013-10-31
80,2013-11-1,2,3,2013-10-31
80,2013-11-1,2,3,2013-10-31
80,2013-11-1,2,3,2013-10-31
80,2013-11-1,2,3,2013-10-31
80,2013-11-1,2,3,2013-10-31
80,2013-11-1,2,3,2013-10-31
80,2013-11-1,2,3,2013-10-31
80,2013-11-1,2,3,2013-10-31
80,2013-11-1,2,3,2013-10-31
80,2013-11-1,2,3,2013-10-31
80,2013-11-1,2,3,2013-10-31
80,2013-11-1,2,3,2013-10-31
80,2013-11-1,2,3,2013-10-31
80,2013-11-1,2,3,2013-10-31
80,2013-11-1,2,3,2013-11-1
80,2013-11-1,2,3,2013-11-1
80,2013-11-1,2,3,2013-11-1
80,2013-11-1,2,3,2013-11-1
80,2013-11-1,2,3,2013-11-1
80,2013-11-1,2,3,2013-11-1
80,2013-11-1,2,3,2013-11-1
80,2013-11-1,2,3,2013-11-1
80,2013-11-1,2,3,2013-11-1
80,2013-11-1,2,3,2013-11-1
80,2013-11-1,2,3,2013-11-1
80,2013-11-1,2,3,2013-11-1
80,2013-11-1,2,3,2013-11-1
80,2013-11-1,2,3,2013-11-1
80,2013-11-1,2,3,2013-11-1
80,2013-11-1,2,3,2013-11-1
80,2013-11-1,2,3,2013-11-1
80,2013-11-1,2,3,2013-11-1
80,2013-11-1,2,3,2013-11-1
80,2013-11-1,2,3,2013-11-1
80,2013-11-1,2,3,2013-11-1
80,2013-11-1,2,3,2013-11-1
80,2013-11-1,2,3,2013-11-1
80,2013-11-1,2,3,2013-11-1
80,2013-11-1,2,3,2013-11-1
80,2013-11-1,2,3,2013-11-1
80,2013-11-1,2,3,2013-11-1
80,2013-11-1,2,3,2013-11-1
80,2013-11-1,2,3,2013-11-1
80,2013-11-1,2,3,2013-11-1
80,2013-11-1,2,3,2013-11-1
80,2013-11-1,2,3,2013-11-1
80,2013-11-1,2,3,2013-11-1
80,2013-11-1,2,3,2013-11-1
80,2013-11-1,2,3,2013-11-1
80,2013-11-1,2,3,2013-11-1
80,2013-11-1,2,3,2013-11-1
80,2013-11-1,2,3,2013-11-1
80,2013-11-1,2,3,2013-11-1
80,2013-11-1,2,3,2013-11-1
80,2013-11-1,2,3,2013-11-1
80,2013-11-1,2,3,2013-11-1
80,2013-11-1,2,3,2013-11-1
80,2013-11-1,2,3,2013-11-1
80,2013-11-1,2,3,2013-11-1
80,2013-11-1,2,3,2013-11-1
80,2013-11-1,2,3,2013-11-1
80,2013-11-1,2,3,2013-11-1
80,2013-11-1,2,3,2013-11-1
80,2013-11-1,3,1,2013-10-28
80,2013-11-1,4,1,2013-10-28
80,2013-11-1,-4,6,2013-10-28
80,2013-11-1,-4,6,2013-10-28
80,2013-11-1,-4,6,2013-10-28
80,2013-11-1,-4,6,2013-10-28
80,2013-11-1,-4,6,2013-10-29
80,2013-11-1,-4,6,2013-10-29
80,2013-11-1,-4,6,2013-10-29
80,2013-11-1,-4,6,2013-10-29
80,2013-11-1,-4,6,2013-10-29
80,2013-11-1,-4,6,2013-10-29
80,2013-11-1,-4,6,2013-10-30
80,2013-11-1,-4,6,2013-10-30
80,2013-11-1,-4,6,2013-10-30
80,2013-11-1,-4,6,2013-10-30
80,2013-11-1,-4,6,2013-10-30
80,2013-11-1,-4,6,2013-10-30
80,2013-11-1,-4,6,2013-10-30
80,2013-11-1,-4,6,2013-10-30
80,2013-11-1,-4,6,2013-10-31
80,2013-11-1,-4,6,2013-10-31
80,2013-11-1,-4,6,2013-10-31
80,2013-11-1,-4,6,2013-10-31
80,2013-11-1,-4,6,2013-10-31
80,2013-11-1,-4,6,2013-10-31
80,2013-11-1,-4,6,2013-10-31
80,2013-11-1,-4,6,2013-10-31
80,2013-11-1,-4,6,2013-10-31
80,2013-11-1,-4,6,2013-10-31
80,2013-11-1,-4,6,2013-10-31
80,2013-11-1,-4,6,2013-10-31
80,2013-11-1,-4,6,2013-11-1
80,2013-11-1,-4,6,2013-11-1
80,2013-11-1,-4,6,2013-11-1
80,2013-11-1,4,7,2013-10-28
80,2013-11-1,4,7,2013-10-28
81,2013-11-4,1,0,2013-10-29
81,2013-11-4,1,1,2013-10-29
81,2013-11-4,1,2,2013-10-29
81,2013-11-4,1,4,2013-10-29
81,2013-11-4,1,4,2013-10-29
81,2013-11-4,1,4,2013-10-29
81,2013-11-4,1,4,2013-11-1
81,2013-11-4,2,1,2013-10-29
81,2013-11-4,4,1,2013-10-29
81,2013-11-4,-4,6,2013-10-29
81,2013-11-4,-4,6,2013-10-30
81,2013-11-4,-4,6,2013-11-1
82,2013-11-1,1,0,2013-10-29
82,2013-11-1,1,1,2013-10-29
82,2013-11-1,1,2,2013-10-29
82,2013-11-1,2,1,2013-10-29
82,2013-11-1,4,1,2013-10-29
82,2013-11-1,-4,6,2013-10-29
82,2013-11-1,-4,6,2013-10-29
82,2013-11-1,-4,6,2013-10-30
82,2013-11-1,-4,6,2013-10-30
82,2013-11-1,-4,6,2013-10-30
82,2013-11-1,-4,6,2013-10-30
82,2013-11-1,-4,6,2013-10-30
82,2013-11-1,-4,6,2013-10-30
82,2013-11-1,-4,6,2013-10-31
82,2013-11-1,-4,6,2013-10-31
82,2013-11-1,-4,6,2013-10-31
82,2013-11-1,-4,6,2013-10-31
82,2013-11-1,-4,6,2013-10-31
82,2013-11-1,-4,6,2013-10-31
82,2013-11-1,-4,6,2013-10-31
82,2013-11-1,-4,6,2013-11-1
82,2013-11-1,-4,6,2013-11-1
82,2013-11-1,-4,6,2013-11-1
82,2013-11-1,-4,6,2013-11-1
82,2013-11-1,-4,6,2013-11-1
82,2013-11-1,-4,6,2013-11-1
82,2013-11-1,-4,6,2013-11-1
82,2013-11-1,99,6,2013-10-30
83,2013-11-4,1,0,2013-10-29
83,2013-11-4,1,1,2013-10-29
83,2013-11-4,1,2,2013-10-29
83,2013-11-4,1,4,2013-10-29
83,2013-11-4,2,1,2013-10-29
83,2013-11-4,4,1,2013-10-29
83,2013-11-4,-4,6,2013-10-29
83,2013-11-4,-4,6,2013-10-31
83,2013-11-4,-4,6,2013-10-31
83,2013-11-4,-4,6,2013-10-31
83,2013-11-4,-4,6,2013-10-31
83,2013-11-4,-4,6,2013-11-1
83,2013-11-4,-4,6,2013-11-1
83,2013-11-4,-4,6,2013-11-2
86,2013-11-1,107,6,2013-10-29
86,2013-11-1,107,6,2013-10-30
86,2013-11-1,107,6,2013-10-30
86,2013-11-1,107,6,2013-10-30
86,2013-11-1,107,6,2013-10-31
86,2013-11-1,107,6,2013-10-31
86,2013-11-1,107,6,2013-11-1
86,2013-11-1,1,1,2013-10-20
86,2013-11-1,12,0,2013-10-20
86,2013-11-1,1,2,2013-10-29
86,2013-11-1,1,4,2013-10-31
86,2013-11-1,2,1,2013-10-20
86,2013-11-1,2,7,2013-10-30
86,2013-11-1,2,7,2013-10-30
86,2013-11-1,2,7,2013-10-30
86,2013-11-1,4,1,2013-10-20
86,2013-11-1,-4,6,2013-10-20
86,2013-11-1,-4,6,2013-10-29
86,2013-11-1,-4,6,2013-10-30
86,2013-11-1,-4,6,2013-10-30
86,2013-11-1,-4,6,2013-10-30
86,2013-11-1,-4,6,2013-10-30
86,2013-11-1,-4,6,2013-10-31
86,2013-11-1,-4,6,2013-10-31
86,2013-11-1,-4,6,2013-10-31
86,2013-11-1,-4,6,2013-10-31
86,2013-11-1,-4,6,2013-10-31
86,2013-11-1,-4,6,2013-10-31
86,2013-11-1,-4,6,2013-11-1
86,2013-11-1,-4,6,2013-11-1
88,2013-11-1,100,6,2013-1-25
88,2013-11-1,100,6,2013-7-14
88,2013-11-1,100,6,2013-10-25
88,2013-11-1,100,6,2013-10-29
88,2013-11-1,100,6,2013-10-29
88,2013-11-1,100,6,2013-10-30
88,2013-11-1,100,6,2013-10-30
88,2013-11-1,100,6,2013-10-31
88,2013-11-1,100,6,2013-10-31
88,2013-11-1,1,20,2012-1-5
88,2013-11-1,1,20,2012-1-5
88,2013-11-1,1,2,2013-10-29
88,2013-11-1,1,6,2012-1-5
88,2013-11-1,1,6,2012-1-5
88,2013-11-1,1,6,2012-1-5
88,2013-11-1,1,6,2012-1-5
88,2013-11-1,1,6,2012-1-5
88,2013-11-1,1,6,2012-1-6
88,2013-11-1,1,6,2012-1-12
88,2013-11-1,1,6,2012-2-27
88,2013-11-1,1,6,2012-5-11
88,2013-11-1,2,0,2012-1-5
88,2013-11-1,2,2,2012-1-5
88,2013-11-1,2,3,2012-1-5
88,2013-11-1,2,3,2012-1-5
88,2013-11-1,2,3,2012-1-5
88,2013-11-1,2,3,2012-1-5
88,2013-11-1,2,3,2012-1-5
88,2013-11-1,2,3,2012-1-5
88,2013-11-1,2,3,2012-1-5
88,2013-11-1,2,3,2012-1-5
88,2013-11-1,2,3,2012-1-6
88,2013-11-1,2,3,2012-1-6
88,2013-11-1,2,3,2012-2-27
88,2013-11-1,2,3,2012-2-27
88,2013-11-1,2,3,2012-10-19
88,2013-11-1,2,3,2012-10-19
88,2013-11-1,2,3,2013-7-14
88,2013-11-1,2,3,2013-7-14
88,2013-11-1,2,3,2013-10-30
88,2013-11-1,2,3,2013-10-30
88,2013-11-1,2,3,2013-10-30
88,2013-11-1,2,3,2013-10-30
88,2013-11-1,2,3,2013-10-30
88,2013-11-1,2,6,2012-1-5
88,2013-11-1,3,1,2012-1-5
88,2013-11-1,4,1,2012-1-5
88,2013-11-1,4,6,2012-10-19
88,2013-11-1,4,6,2012-10-23
88,2013-11-1,-4,6,2013-10-25
88,2013-11-1,-4,6,2013-10-29
88,2013-11-1,-4,6,2013-10-29
88,2013-11-1,-4,6,2013-10-30
88,2013-11-1,-4,6,2013-10-31
97,2013-11-1,-10,13,2013-10-29
97,2013-11-1,1,0,2013-10-17
97,2013-11-1,10,20,2013-10-30
97,2013-11-1,107,6,2013-10-31
97,2013-11-1,107,6,2013-10-31
97,2013-11-1,107,6,2013-11-1
97,2013-11-1,107,6,2013-11-1
97,2013-11-1,107,6,2013-11-1
97,2013-11-1,1,1,2013-10-17
97,2013-11-1,1,2,2013-10-30
97,2013-11-1,2,11,2013-10-29
97,2013-11-1,2,1,2013-10-17
97,2013-11-1,2,3,2013-10-29
97,2013-11-1,2,3,2013-10-29
97,2013-11-1,2,3,2013-10-29
97,2013-11-1,2,3,2013-10-29
97,2013-11-1,2,3,2013-10-29
97,2013-11-1,2,3,2013-10-29
97,2013-11-1,2,3,2013-10-29
97,2013-11-1,2,3,2013-10-29
97,2013-11-1,2,3,2013-10-29
97,2013-11-1,2,3,2013-10-29
97,2013-11-1,2,3,2013-10-29
97,2013-11-1,2,3,2013-10-29
97,2013-11-1,2,3,2013-10-29
97,2013-11-1,2,3,2013-10-29
97,2013-11-1,2,3,2013-10-29
97,2013-11-1,2,3,2013-10-29
97,2013-11-1,2,3,2013-10-29
97,2013-11-1,2,3,2013-10-29
97,2013-11-1,2,3,2013-10-29
97,2013-11-1,2,3,2013-10-29
97,2013-11-1,2,3,2013-10-30
97,2013-11-1,2,3,2013-10-30
97,2013-11-1,2,3,2013-10-30
97,2013-11-1,2,3,2013-10-30
97,2013-11-1,2,3,2013-10-31
97,2013-11-1,2,3,2013-11-1
97,2013-11-1,3,1,2013-10-29
97,2013-11-1,4,1,2013-10-17
97,2013-11-1,-4,6,2013-10-17
97,2013-11-1,-4,6,2013-10-29
97,2013-11-1,-4,6,2013-10-29
97,2013-11-1,-4,6,2013-10-30
97,2013-11-1,-4,6,2013-10-30
97,2013-11-1,-4,6,2013-10-30
97,2013-11-1,-4,6,2013-10-30
97,2013-11-1,-4,6,2013-10-31
97,2013-11-1,-4,6,2013-10-31
97,2013-11-1,-4,6,2013-10-31
97,2013-11-1,-4,6,2013-10-31
97,2013-11-1,-4,6,2013-11-1
97,2013-11-1,-4,6,2013-11-1
97,2013-11-1,-4,6,2013-11-1
109,2013-11-6,1,0,2012-8-30
109,2013-11-6,1,1,2012-8-30
109,2013-11-6,1,2,2013-10-30
109,2013-11-6,2,1,2012-8-30
109,2013-11-6,3,1,2012-8-30
109,2013-11-6,4,1,2012-8-30
109,2013-11-6,-4,6,2012-8-30
109,2013-11-6,-4,6,2012-8-30
109,2013-11-6,4,6,2012-8-30
109,2013-11-6,-4,6,2012-9-21
109,2013-11-6,-4,6,2013-10-6
109,2013-11-6,-4,6,2013-10-13
109,2013-11-6,-4,6,2013-10-17
109,2013-11-6,-4,6,2013-10-28
109,2013-11-6,-4,6,2013-10-30
109,2013-11-6,-4,6,2013-10-30
109,2013-11-6,-4,6,2013-10-30
109,2013-11-6,-4,6,2013-10-30
109,2013-11-6,-4,6,2013-10-31
109,2013-11-6,-4,6,2013-10-31
109,2013-11-6,-4,6,2013-10-31
109,2013-11-6,-4,6,2013-10-31
109,2013-11-6,-4,6,2013-11-3
109,2013-11-6,-4,6,2013-11-5
109,2013-11-6,-4,6,2013-11-5
109,2013-11-6,-4,6,2013-11-6
109,2013-11-6,-4,6,2013-11-6
109,2013-11-6,4,7,2013-10-6
109,2013-11-6,4,7,2013-10-6
109,2013-11-6,4,7,2013-10-13
109,2013-11-6,4,7,2013-10-13
109,2013-11-6,4,7,2013-10-30
109,2013-11-6,4,7,2013-10-30
115,2013-11-5,1,0,2013-10-30
115,2013-11-5,1,1,2013-10-30
115,2013-11-5,1,20,2013-10-30
115,2013-11-5,1,2,2013-10-30
115,2013-11-5,2,1,2013-10-30
115,2013-11-5,4,1,2013-10-30
115,2013-11-5,-4,6,2013-10-30
115,2013-11-5,-4,6,2013-10-30
115,2013-11-5,-4,6,2013-10-31
115,2013-11-5,-4,6,2013-11-1
115,2013-11-5,-4,6,2013-11-5
115,2013-11-5,-4,6,2013-11-5
118,2013-11-6,1,0,2013-10-30
118,2013-11-6,1,1,2013-10-30
118,2013-11-6,1,20,2013-10-30
118,2013-11-6,1,2,2013-10-30
118,2013-11-6,2,1,2013-10-30
118,2013-11-6,4,1,2013-10-30
118,2013-11-6,-4,6,2013-10-30
118,2013-11-6,-4,6,2013-10-30
118,2013-11-6,-4,6,2013-10-30
118,2013-11-6,-4,6,2013-10-30
118,2013-11-6,-4,6,2013-10-30
118,2013-11-6,-4,6,2013-11-4
118,2013-11-6,-4,6,2013-11-5
123,2013-11-7,1,0,2013-9-6
123,2013-11-7,1,1,2013-9-6
123,2013-11-7,1,2,2013-10-30
123,2013-11-7,2,1,2013-9-6
123,2013-11-7,4,1,2013-9-6
123,2013-11-7,-4,6,2013-9-6
123,2013-11-7,-4,6,2013-9-7
123,2013-11-7,-4,6,2013-9-13
123,2013-11-7,-4,6,2013-10-29
123,2013-11-7,-4,6,2013-10-29
123,2013-11-7,-4,6,2013-10-29
123,2013-11-7,-4,6,2013-10-29
123,2013-11-7,-4,6,2013-10-30
123,2013-11-7,-4,6,2013-11-3
123,2013-11-7,-4,6,2013-11-4
123,2013-11-7,-4,6,2013-11-5
123,2013-11-7,4,7,2013-10-29
123,2013-11-7,4,7,2013-10-29
123,2013-11-7,4,7,2013-10-29
123,2013-11-7,4,7,2013-10-29
123,2013-11-7,4,7,2013-10-29
123,2013-11-7,4,7,2013-10-29
123,2013-11-7,4,7,2013-10-29
123,2013-11-7,4,7,2013-10-29
123,2013-11-7,4,7,2013-10-29
123,2013-11-7,4,7,2013-10-29
125,2013-11-6,1,0,2013-10-30
125,2013-11-6,1,1,2013-10-30
125,2013-11-6,1,20,2013-10-30
125,2013-11-6,1,2,2013-10-30
125,2013-11-6,2,1,2013-10-30
125,2013-11-6,4,1,2013-10-30
125,2013-11-6,-4,6,2013-10-30
125,2013-11-6,-4,6,2013-10-31
125,2013-11-6,-4,6,2013-11-5
133,2013-11-6,-10,13,2013-10-30
133,2013-11-6,-10,13,2013-10-30
133,2013-11-6,-10,13,2013-10-30
133,2013-11-6,1,0,2011-7-14
133,2013-11-6,10,20,2013-11-4
133,2013-11-6,10,20,2013-11-4
133,2013-11-6,1,1,2011-7-14
133,2013-11-6,1,2,2013-10-30
133,2013-11-6,2,1,2011-7-14
133,2013-11-6,3,1,2013-10-30
133,2013-11-6,3,1,2013-10-30
133,2013-11-6,3,1,2013-10-30
133,2013-11-6,4,1,2012-1-26
133,2013-11-6,4,6,2011-7-14
133,2013-11-6,4,6,2012-1-26
133,2013-11-6,-4,6,2013-10-30
133,2013-11-6,-4,6,2013-10-31
133,2013-11-6,-4,6,2013-10-31
133,2013-11-6,-4,6,2013-11-4
133,2013-11-6,-4,6,2013-11-4
133,2013-11-6,-4,6,2013-11-4
133,2013-11-6,-4,6,2013-11-4
133,2013-11-6,-4,6,2013-11-4
133,2013-11-6,-4,6,2013-11-4
133,2013-11-6,-4,6,2013-11-4
133,2013-11-6,-4,6,2013-11-4
133,2013-11-6,-4,6,2013-11-4
133,2013-11-6,-4,6,2013-11-4
133,2013-11-6,-4,6,2013-11-4
133,2013-11-6,-4,6,2013-11-5
133,2013-11-6,-4,6,2013-11-5
133,2013-11-6,-4,6,2013-11-5
133,2013-11-6,-4,6,2013-11-5
133,2013-11-6,-4,6,2013-11-5
133,2013-11-6,-4,6,2013-11-5
133,2013-11-6,-4,6,2013-11-5
133,2013-11-6,-4,6,2013-11-5
133,2013-11-6,-4,6,2013-11-5
133,2013-11-6,-4,6,2013-11-6
133,2013-11-6,-4,6,2013-11-6
133,2013-11-6,-4,6,2013-11-6
133,2013-11-6,4,7,2013-10-30
133,2013-11-6,4,7,2013-10-31
137,2013-11-6,-10,13,2013-11-4
137,2013-11-6,1,0,2013-10-30
137,2013-11-6,1,1,2013-10-30
137,2013-11-6,1,20,2013-10-30
137,2013-11-6,1,2,2013-10-30
137,2013-11-6,2,1,2013-10-30
137,2013-11-6,2,3,2013-11-3
137,2013-11-6,2,7,2013-10-31
137,2013-11-6,3,1,2013-11-4
137,2013-11-6,4,1,2013-10-30
137,2013-11-6,-4,6,2013-10-30
137,2013-11-6,-4,6,2013-10-31
137,2013-11-6,-4,6,2013-11-2
137,2013-11-6,-4,6,2013-11-3
137,2013-11-6,-4,6,2013-11-4
137,2013-11-6,-4,6,2013-11-5
137,2013-11-6,4,7,2013-10-31
143,2013-11-4,1,0,2013-10-30
143,2013-11-4,1,1,2013-10-30
143,2013-11-4,1,2,2013-10-30
143,2013-11-4,2,1,2013-10-30
143,2013-11-4,4,1,2013-10-30
143,2013-11-4,-4,6,2013-10-30
143,2013-11-4,-4,6,2013-10-30
143,2013-11-4,-4,6,2013-10-30
143,2013-11-4,-4,6,2013-10-30
143,2013-11-4,-4,6,2013-10-30
143,2013-11-4,-4,6,2013-10-31
143,2013-11-4,-4,6,2013-10-31
143,2013-11-4,-4,6,2013-10-31
143,2013-11-4,-4,6,2013-11-1
143,2013-11-4,-4,6,2013-11-1
143,2013-11-4,-4,6,2013-11-1
143,2013-11-4,-4,6,2013-11-1
143,2013-11-4,-4,6,2013-11-1
143,2013-11-4,-4,6,2013-11-1
143,2013-11-4,-4,6,2013-11-1
143,2013-11-4,-4,6,2013-11-2
143,2013-11-4,-4,6,2013-11-2
143,2013-11-4,-4,6,2013-11-2
143,2013-11-4,-4,6,2013-11-2
143,2013-11-4,-4,6,2013-11-2
143,2013-11-4,-4,6,2013-11-4
143,2013-11-4,-4,6,2013-11-4
143,2013-11-4,-4,6,2013-11-4
144,2013-11-5,1,1,2013-10-30
144,2013-11-5,1,20,2013-10-30
144,2013-11-5,12,0,2013-10-30
144,2013-11-5,1,2,2013-10-30
144,2013-11-5,2,1,2013-10-30
144,2013-11-5,4,1,2013-10-30
144,2013-11-5,-4,6,2013-10-30
144,2013-11-5,-4,6,2013-10-31
144,2013-11-5,4,7,2013-10-31
144,2013-11-5,99,6,2013-10-31
144,2013-11-5,99,6,2013-10-31
144,2013-11-5,99,6,2013-10-31
144,2013-11-5,99,6,2013-11-4
146,2013-11-4,1,0,2013-10-30
146,2013-11-4,1,1,2013-10-30
146,2013-11-4,1,20,2013-10-30
146,2013-11-4,1,20,2013-10-30
146,2013-11-4,1,2,2013-10-30
146,2013-11-4,2,1,2013-10-30
146,2013-11-4,4,1,2013-10-30
146,2013-11-4,-4,6,2013-10-30
146,2013-11-4,-4,6,2013-10-31
146,2013-11-4,-4,6,2013-10-31
146,2013-11-4,-4,6,2013-10-31
146,2013-11-4,-4,6,2013-10-31
146,2013-11-4,-4,6,2013-11-1
146,2013-11-4,-4,6,2013-11-1
146,2013-11-4,-4,6,2013-11-2
146,2013-11-4,-4,6,2013-11-4
146,2013-11-4,-4,6,2013-11-4
147,2013-11-4,1,0,2013-10-30
147,2013-11-4,1,1,2013-10-30
147,2013-11-4,1,20,2013-10-30
147,2013-11-4,1,2,2013-10-30
147,2013-11-4,2,1,2013-10-30
147,2013-11-4,4,1,2013-10-30
147,2013-11-4,-4,6,2013-10-30
147,2013-11-4,-4,6,2013-10-30
147,2013-11-4,-4,6,2013-10-31
147,2013-11-4,-4,6,2013-10-31
147,2013-11-4,-4,6,2013-11-1
147,2013-11-4,-4,6,2013-11-4
147,2013-11-4,-4,6,2013-11-4
147,2013-11-4,-4,6,2013-11-4
149,2013-11-7,-10,13,2013-10-31
149,2013-11-7,1,0,2013-10-30
149,2013-11-7,1,1,2013-10-30
149,2013-11-7,1,20,2013-10-30
149,2013-11-7,1,2,2013-10-30
149,2013-11-7,2,1,2013-10-30
149,2013-11-7,3,1,2013-10-31
149,2013-11-7,4,1,2013-10-30
149,2013-11-7,-4,6,2013-10-30
149,2013-11-7,-4,6,2013-10-31
149,2013-11-7,-4,6,2013-11-1
149,2013-11-7,-4,6,2013-11-3
149,2013-11-7,-4,6,2013-11-3
149,2013-11-7,-4,6,2013-11-3
149,2013-11-7,-4,6,2013-11-4
149,2013-11-7,-4,6,2013-11-4
149,2013-11-7,-4,6,2013-11-5
149,2013-11-7,-4,6,2013-11-5
149,2013-11-7,-4,6,2013-11-6
149,2013-11-7,-4,6,2013-11-6
149,2013-11-7,-4,6,2013-11-6
149,2013-11-7,-4,6,2013-11-6
149,2013-11-7,-4,6,2013-11-6
152,2013-11-6,1,0,2013-10-30
152,2013-11-6,1,1,2013-10-30
152,2013-11-6,1,20,2013-10-30
152,2013-11-6,1,2,2013-10-30
152,2013-11-6,2,1,2013-10-30
152,2013-11-6,4,1,2013-10-30
152,2013-11-6,-4,6,2013-10-30
152,2013-11-6,-4,6,2013-11-1
152,2013-11-6,-4,6,2013-11-6
156,2013-11-7,1,0,2013-10-30
156,2013-11-7,1,1,2013-10-30
156,2013-11-7,1,20,2013-10-30
156,2013-11-7,1,2,2013-10-30
156,2013-11-7,2,1,2013-10-30
156,2013-11-7,4,1,2013-10-30
156,2013-11-7,-4,6,2013-10-30
156,2013-11-7,-4,6,2013-11-6
157,2013-11-6,1,0,2013-10-30
157,2013-11-6,10,20,2013-11-4
157,2013-11-6,1,1,2013-10-30
157,2013-11-6,1,20,2013-10-30
157,2013-11-6,1,2,2013-10-30
157,2013-11-6,2,1,2013-10-30
157,2013-11-6,2,7,2013-11-4
157,2013-11-6,4,1,2013-10-30
157,2013-11-6,-4,6,2013-10-30
157,2013-11-6,-4,6,2013-10-30
157,2013-11-6,-4,6,2013-10-30
157,2013-11-6,-4,6,2013-11-1
157,2013-11-6,-4,6,2013-11-1
157,2013-11-6,-4,6,2013-11-2
157,2013-11-6,-4,6,2013-11-2
157,2013-11-6,-4,6,2013-11-2
157,2013-11-6,-4,6,2013-11-2
157,2013-11-6,-4,6,2013-11-3
157,2013-11-6,-4,6,2013-11-3
157,2013-11-6,-4,6,2013-11-3
157,2013-11-6,-4,6,2013-11-3
157,2013-11-6,-4,6,2013-11-3
157,2013-11-6,-4,6,2013-11-3
157,2013-11-6,-4,6,2013-11-3
157,2013-11-6,-4,6,2013-11-4
157,2013-11-6,-4,6,2013-11-4
157,2013-11-6,-4,6,2013-11-4
157,2013-11-6,-4,6,2013-11-4
157,2013-11-6,-4,6,2013-11-4
157,2013-11-6,-4,6,2013-11-4
157,2013-11-6,-4,6,2013-11-4
157,2013-11-6,-4,6,2013-11-4
157,2013-11-6,-4,6,2013-11-4
157,2013-11-6,-4,6,2013-11-4
157,2013-11-6,-4,6,2013-11-4
157,2013-11-6,-4,6,2013-11-4
157,2013-11-6,-4,6,2013-11-4
157,2013-11-6,-4,6,2013-11-5
157,2013-11-6,-4,6,2013-11-5
157,2013-11-6,-4,6,2013-11-5
157,2013-11-6,-4,6,2013-11-5
157,2013-11-6,-4,6,2013-11-5
157,2013-11-6,-4,6,2013-11-5
157,2013-11-6,-4,6,2013-11-5
157,2013-11-6,-4,6,2013-11-5
157,2013-11-6,-4,6,2013-11-5
157,2013-11-6,-4,6,2013-11-5
157,2013-11-6,-4,6,2013-11-5
157,2013-11-6,-4,6,2013-11-5
157,2013-11-6,-4,6,2013-11-5
157,2013-11-6,-4,6,2013-11-6
157,2013-11-6,-4,6,2013-11-6
157,2013-11-6,-4,6,2013-11-6
157,2013-11-6,-4,6,2013-11-6
157,2013-11-6,-4,6,2013-11-6
157,2013-11-6,-4,6,2013-11-6
157,2013-11-6,-4,6,2013-11-6
157,2013-11-6,-4,6,2013-11-6
157,2013-11-6,-4,6,2013-11-6
157,2013-11-6,-4,6,2013-11-6
157,2013-11-6,-4,6,2013-11-6
157,2013-11-6,-4,6,2013-11-6
157,2013-11-6,-4,6,2013-11-6
157,2013-11-6,-4,6,2013-11-6
157,2013-11-6,-4,6,2013-11-6
157,2013-11-6,-4,6,2013-11-6
157,2013-11-6,-4,6,2013-11-6
157,2013-11-6,-4,6,2013-11-6
160,2013-11-4,107,6,2013-10-30
160,2013-11-4,107,6,2013-10-31
160,2013-11-4,107,6,2013-11-1
160,2013-11-4,107,6,2013-11-1
160,2013-11-4,107,6,2013-11-1
160,2013-11-4,107,6,2013-11-1
160,2013-11-4,107,6,2013-11-1
160,2013-11-4,107,6,2013-11-2
160,2013-11-4,107,6,2013-11-3
160,2013-11-4,107,6,2013-11-3
160,2013-11-4,107,6,2013-11-4
160,2013-11-4,107,6,2013-11-4
160,2013-11-4,1,1,2013-9-10
160,2013-11-4,12,0,2013-9-10
160,2013-11-4,1,20,2013-10-30
160,2013-11-4,1,2,2013-10-30
160,2013-11-4,1,4,2013-10-31
160,2013-11-4,2,1,2013-9-10
160,2013-11-4,4,1,2013-9-10
160,2013-11-4,-4,6,2013-9-10
160,2013-11-4,-4,6,2013-10-30
160,2013-11-4,-4,6,2013-10-31
160,2013-11-4,-4,6,2013-11-1
160,2013-11-4,-4,6,2013-11-1
160,2013-11-4,-4,6,2013-11-1
160,2013-11-4,-4,6,2013-11-1
160,2013-11-4,-4,6,2013-11-1
160,2013-11-4,-4,6,2013-11-1
160,2013-11-4,-4,6,2013-11-1
160,2013-11-4,-4,6,2013-11-2
160,2013-11-4,-4,6,2013-11-3
160,2013-11-4,-4,6,2013-11-3
160,2013-11-4,-4,6,2013-11-4
160,2013-11-4,-4,6,2013-11-4
160,2013-11-4,-4,6,2013-11-4
161,2013-11-12,1,0,2013-10-30
161,2013-11-12,1,1,2013-10-30
161,2013-11-12,1,20,2013-10-30
161,2013-11-12,1,2,2013-10-30
161,2013-11-12,2,1,2013-10-30
161,2013-11-12,4,1,2013-10-30
161,2013-11-12,-4,6,2013-10-30
161,2013-11-12,-4,6,2013-11-8
165,2013-11-6,-10,13,2013-10-30
165,2013-11-6,107,6,2013-10-31
165,2013-11-6,107,6,2013-10-31
165,2013-11-6,107,6,2013-11-1
165,2013-11-6,107,6,2013-11-1
165,2013-11-6,107,6,2013-11-1
165,2013-11-6,107,6,2013-11-1
165,2013-11-6,107,6,2013-11-2
165,2013-11-6,107,6,2013-11-3
165,2013-11-6,107,6,2013-11-4
165,2013-11-6,107,6,2013-11-5
165,2013-11-6,107,6,2013-11-6
165,2013-11-6,1,1,2013-10-30
165,2013-11-6,1,20,2013-10-30
165,2013-11-6,12,0,2013-10-30
165,2013-11-6,1,2,2013-10-30
165,2013-11-6,2,1,2013-10-30
165,2013-11-6,3,1,2013-10-30
165,2013-11-6,4,1,2013-10-30
165,2013-11-6,-4,6,2013-10-30
165,2013-11-6,-4,6,2013-10-31
165,2013-11-6,-4,6,2013-10-31
165,2013-11-6,-4,6,2013-10-31
165,2013-11-6,-4,6,2013-11-1
165,2013-11-6,-4,6,2013-11-1
165,2013-11-6,-4,6,2013-11-1
165,2013-11-6,-4,6,2013-11-1
165,2013-11-6,-4,6,2013-11-2
165,2013-11-6,-4,6,2013-11-3
165,2013-11-6,-4,6,2013-11-4
165,2013-11-6,-4,6,2013-11-4
165,2013-11-6,-4,6,2013-11-5
165,2013-11-6,-4,6,2013-11-5
165,2013-11-6,-4,6,2013-11-6
167,2013-11-11,-10,13,2013-10-30
167,2013-11-11,1,0,2013-10-8
167,2013-11-11,1,1,2013-10-8
167,2013-11-11,1,20,2013-10-30
167,2013-11-11,1,2,2013-10-30
167,2013-11-11,2,1,2013-10-8
167,2013-11-11,3,1,2013-10-8
167,2013-11-11,4,1,2013-10-30
167,2013-11-11,-4,6,2013-10-8
167,2013-11-11,-4,6,2013-10-15
167,2013-11-11,-4,6,2013-10-30
167,2013-11-11,-4,6,2013-11-9
170,2013-11-11,107,6,2013-9-15
170,2013-11-11,107,6,2013-10-4
170,2013-11-11,1,1,2013-9-15
170,2013-11-11,12,0,2013-9-15
170,2013-11-11,1,2,2013-9-15
170,2013-11-11,1,2,2013-10-31
170,2013-11-11,2,1,2013-9-15
170,2013-11-11,2,21,2013-11-11
170,2013-11-11,4,1,2013-9-15
170,2013-11-11,-4,6,2013-9-15
170,2013-11-11,-4,6,2013-9-15
170,2013-11-11,-4,6,2013-10-4
170,2013-11-11,-4,6,2013-10-31
170,2013-11-11,-4,6,2013-10-31
170,2013-11-11,-4,6,2013-11-7
170,2013-11-11,-4,6,2013-11-7
170,2013-11-11,-4,6,2013-11-8
170,2013-11-11,-4,6,2013-11-8
170,2013-11-11,-4,6,2013-11-8
170,2013-11-11,-4,6,2013-11-8
170,2013-11-11,-4,6,2013-11-8
170,2013-11-11,-4,6,2013-11-8
170,2013-11-11,-4,6,2013-11-9
170,2013-11-11,-4,6,2013-11-9
170,2013-11-11,-4,6,2013-11-9
170,2013-11-11,-4,6,2013-11-9
170,2013-11-11,-4,6,2013-11-9
170,2013-11-11,-4,6,2013-11-9
170,2013-11-11,-4,6,2013-11-9
170,2013-11-11,-4,6,2013-11-9
170,2013-11-11,-4,6,2013-11-9
170,2013-11-11,-4,6,2013-11-9
170,2013-11-11,-4,6,2013-11-9
170,2013-11-11,-4,6,2013-11-9
170,2013-11-11,-4,6,2013-11-9
170,2013-11-11,-4,6,2013-11-9
170,2013-11-11,-4,6,2013-11-10
170,2013-11-11,-4,6,2013-11-11
170,2013-11-11,-4,6,2013-11-11
170,2013-11-11,-4,6,2013-11-11
170,2013-11-11,-4,6,2013-11-11
170,2013-11-11,-4,6,2013-11-11
170,2013-11-11,-4,6,2013-11-11
170,2013-11-11,-4,6,2013-11-11
170,2013-11-11,-4,6,2013-11-11
170,2013-11-11,4,7,2013-10-31
170,2013-11-11,4,7,2013-10-31
172,2013-11-6,10,0,2012-9-24
172,2013-11-6,1,1,2012-9-24
172,2013-11-6,1,2,2013-10-31
172,2013-11-6,1,4,2013-10-31
172,2013-11-6,1,6,2012-9-24
172,2013-11-6,2,1,2012-9-24
172,2013-11-6,2,7,2013-11-1
172,2013-11-6,4,1,2012-9-24
172,2013-11-6,4,6,2012-9-25
172,2013-11-6,4,6,2012-10-2
172,2013-11-6,-4,6,2013-10-31
172,2013-11-6,-4,6,2013-10-31
172,2013-11-6,-4,6,2013-10-31
172,2013-11-6,-4,6,2013-10-31
172,2013-11-6,-4,6,2013-10-31
172,2013-11-6,-4,6,2013-10-31
172,2013-11-6,-4,6,2013-11-1
172,2013-11-6,-4,6,2013-11-1
172,2013-11-6,-4,6,2013-11-1
172,2013-11-6,-4,6,2013-11-1
172,2013-11-6,-4,6,2013-11-2
172,2013-11-6,-4,6,2013-11-2
172,2013-11-6,-4,6,2013-11-2
172,2013-11-6,-4,6,2013-11-3
172,2013-11-6,-4,6,2013-11-4
172,2013-11-6,-4,6,2013-11-4
172,2013-11-6,-4,6,2013-11-4
172,2013-11-6,-4,6,2013-11-6
172,2013-11-6,-4,6,2013-11-6
172,2013-11-6,4,7,2013-10-31
173,2013-11-8,1,0,2012-3-8
173,2013-11-8,1,1,2012-3-8
173,2013-11-8,1,2,2013-10-31
173,2013-11-8,2,1,2012-3-8
173,2013-11-8,2,7,2013-11-3
173,2013-11-8,4,1,2012-3-8
173,2013-11-8,4,6,2012-3-8
173,2013-11-8,4,6,2012-3-8
173,2013-11-8,4,6,2012-3-8
173,2013-11-8,-4,6,2013-10-30
173,2013-11-8,-4,6,2013-10-30
173,2013-11-8,-4,6,2013-10-30
173,2013-11-8,-4,6,2013-10-31
173,2013-11-8,-4,6,2013-11-3
173,2013-11-8,-4,6,2013-11-3
173,2013-11-8,-4,6,2013-11-3
173,2013-11-8,-4,6,2013-11-4
173,2013-11-8,-4,6,2013-11-5
173,2013-11-8,-4,6,2013-11-5
173,2013-11-8,-4,6,2013-11-6
173,2013-11-8,-4,6,2013-11-6
173,2013-11-8,-4,6,2013-11-6
173,2013-11-8,-4,6,2013-11-7
173,2013-11-8,-4,6,2013-11-8
173,2013-11-8,4,7,2013-10-30
173,2013-11-8,4,7,2013-10-30
176,2013-11-12,1,0,2013-10-31
176,2013-11-12,1,1,2013-10-31
176,2013-11-12,1,20,2013-10-31
176,2013-11-12,1,2,2013-10-31
176,2013-11-12,2,1,2013-10-31
176,2013-11-12,4,1,2013-10-31
176,2013-11-12,-4,6,2013-10-31
176,2013-11-12,-4,6,2013-11-12
176,2013-11-12,-4,6,2013-11-12
176,2013-11-12,-4,6,2013-11-12
176,2013-11-12,4,7,2013-11-12
176,2013-11-12,4,7,2013-11-12
177,2013-11-6,1,0,2013-10-30
177,2013-11-6,1,1,2013-10-30
177,2013-11-6,1,2,2013-10-31
177,2013-11-6,2,1,2013-10-30
177,2013-11-6,4,1,2013-10-30
177,2013-11-6,-4,6,2013-10-30
177,2013-11-6,-4,6,2013-10-30
177,2013-11-6,-4,6,2013-10-31
177,2013-11-6,-4,6,2013-10-31
177,2013-11-6,-4,6,2013-10-31
177,2013-11-6,-4,6,2013-11-1
177,2013-11-6,-4,6,2013-11-1
177,2013-11-6,-4,6,2013-11-4
177,2013-11-6,-4,6,2013-11-4
177,2013-11-6,-4,6,2013-11-4
177,2013-11-6,-4,6,2013-11-5
177,2013-11-6,-4,6,2013-11-5
177,2013-11-6,-4,6,2013-11-6
177,2013-11-6,4,7,2013-10-31
177,2013-11-6,4,7,2013-10-31
182,2013-11-6,1,0,2013-10-31
182,2013-11-6,1,1,2013-10-31
182,2013-11-6,1,20,2013-10-31
182,2013-11-6,1,2,2013-10-31
182,2013-11-6,1,4,2013-10-31
182,2013-11-6,1,4,2013-11-2
182,2013-11-6,1,4,2013-11-2
182,2013-11-6,2,1,2013-10-31
182,2013-11-6,2,21,2013-11-6
182,2013-11-6,4,1,2013-10-31
182,2013-11-6,-4,6,2013-10-31
182,2013-11-6,-4,6,2013-11-2
191,2013-11-4,1,0,2013-10-21
191,2013-11-4,103,6,2013-10-26
191,2013-11-4,107,6,2013-10-26
191,2013-11-4,1,1,2013-10-21
191,2013-11-4,1,20,2013-10-21
191,2013-11-4,1,2,2013-10-21
191,2013-11-4,1,2,2013-10-31
191,2013-11-4,2,10,2013-10-31
191,2013-11-4,2,1,2013-10-21
191,2013-11-4,2,7,2013-10-21
191,2013-11-4,4,1,2013-10-21
191,2013-11-4,-4,6,2013-10-21
191,2013-11-4,-4,6,2013-10-22
191,2013-11-4,-4,6,2013-10-22
191,2013-11-4,-4,6,2013-10-22
191,2013-11-4,-4,6,2013-10-24
191,2013-11-4,-4,6,2013-10-25
191,2013-11-4,-4,6,2013-10-25
191,2013-11-4,-4,6,2013-10-26
191,2013-11-4,-4,6,2013-10-26
191,2013-11-4,-4,6,2013-10-26
191,2013-11-4,-4,6,2013-10-31
191,2013-11-4,-4,6,2013-10-31
191,2013-11-4,-4,6,2013-10-31
191,2013-11-4,-4,6,2013-10-31
191,2013-11-4,-4,6,2013-10-31
191,2013-11-4,-4,6,2013-10-31
191,2013-11-4,-4,6,2013-10-31
191,2013-11-4,-4,6,2013-11-1
191,2013-11-4,-4,6,2013-11-1
191,2013-11-4,-4,6,2013-11-1
191,2013-11-4,-4,6,2013-11-1
191,2013-11-4,-4,6,2013-11-1
191,2013-11-4,-4,6,2013-11-2
191,2013-11-4,-4,6,2013-11-2
191,2013-11-4,-4,6,2013-11-4
196,2013-11-6,1,0,2013-6-4
196,2013-11-6,1,1,2013-6-4
196,2013-11-6,1,2,2013-10-31
196,2013-11-6,2,1,2013-6-4
196,2013-11-6,2,7,2013-11-4
196,2013-11-6,2,7,2013-11-4
196,2013-11-6,4,0,2013-6-4
196,2013-11-6,4,1,2013-6-4
196,2013-11-6,4,6,2013-6-4
196,2013-11-6,-4,6,2013-10-31
196,2013-11-6,-4,6,2013-10-31
196,2013-11-6,-4,6,2013-11-1
196,2013-11-6,-4,6,2013-11-4
196,2013-11-6,-4,6,2013-11-4
196,2013-11-6,-4,6,2013-11-6
196,2013-11-6,-4,6,2013-11-6
196,2013-11-6,4,7,2013-10-31
196,2013-11-6,4,7,2013-11-1
196,2013-11-6,4,7,2013-11-4
196,2013-11-6,4,7,2013-11-6
196,2013-11-6,4,7,2013-11-6
203,2013-11-6,1,0,2013-10-31
203,2013-11-6,1,1,2013-10-31
203,2013-11-6,1,20,2013-10-31
203,2013-11-6,1,2,2013-10-31
203,2013-11-6,2,1,2013-10-31
203,2013-11-6,4,1,2013-10-31
203,2013-11-6,-4,6,2013-10-31
203,2013-11-6,-4,6,2013-11-1
203,2013-11-6,-4,6,2013-11-6
214,2013-11-8,10,0,2013-5-31
214,2013-11-8,-10,13,2013-5-31
214,2013-11-8,1,1,2013-5-31
214,2013-11-8,1,2,2013-10-31
214,2013-11-8,1,6,2013-5-31
214,2013-11-8,2,1,2013-5-31
214,2013-11-8,3,1,2013-5-31
214,2013-11-8,4,1,2013-5-31
214,2013-11-8,-4,6,2013-10-31
214,2013-11-8,-4,6,2013-10-31
214,2013-11-8,-4,6,2013-11-2
214,2013-11-8,-4,6,2013-11-7
214,2013-11-8,-4,6,2013-11-7
214,2013-11-8,-4,6,2013-11-7
214,2013-11-8,-4,6,2013-11-8
214,2013-11-8,4,7,2013-10-31
214,2013-11-8,4,7,2013-10-31
217,2013-11-4,107,6,2013-10-27
217,2013-11-4,1,1,2013-10-26
217,2013-11-4,12,0,2013-10-26
217,2013-11-4,1,2,2013-10-26
217,2013-11-4,1,2,2013-10-31
217,2013-11-4,2,1,2013-10-26
217,2013-11-4,2,21,2013-11-4
217,2013-11-4,4,1,2013-10-26
217,2013-11-4,-4,6,2013-10-26
217,2013-11-4,-4,6,2013-10-27
217,2013-11-4,-4,6,2013-10-28
217,2013-11-4,-4,6,2013-10-28
217,2013-11-4,-4,6,2013-10-29
217,2013-11-4,-4,6,2013-10-30
217,2013-11-4,-4,6,2013-10-30
217,2013-11-4,-4,6,2013-10-30
217,2013-11-4,-4,6,2013-10-30
217,2013-11-4,-4,6,2013-10-30
217,2013-11-4,-4,6,2013-10-31
217,2013-11-4,-4,6,2013-10-31
217,2013-11-4,-4,6,2013-10-31
217,2013-11-4,-4,6,2013-10-31
217,2013-11-4,-4,6,2013-10-31
217,2013-11-4,-4,6,2013-11-1
217,2013-11-4,-4,6,2013-11-1
217,2013-11-4,-4,6,2013-11-1
217,2013-11-4,-4,6,2013-11-1
217,2013-11-4,-4,6,2013-11-2
217,2013-11-4,-4,6,2013-11-2
217,2013-11-4,-4,6,2013-11-4
217,2013-11-4,-4,6,2013-11-4
217,2013-11-4,-4,6,2013-11-4
217,2013-11-4,4,7,2013-10-28
217,2013-11-4,4,7,2013-10-28
217,2013-11-4,4,7,2013-10-29
217,2013-11-4,4,7,2013-10-29
218,2013-11-6,1,0,2013-10-31
218,2013-11-6,1,1,2013-10-31
218,2013-11-6,1,20,2013-10-31
218,2013-11-6,1,2,2013-10-31
218,2013-11-6,2,1,2013-10-31
218,2013-11-6,2,7,2013-11-4
218,2013-11-6,4,1,2013-10-31
218,2013-11-6,-4,6,2013-10-31
218,2013-11-6,-4,6,2013-11-4
218,2013-11-6,-4,6,2013-11-4
218,2013-11-6,-4,6,2013-11-4
218,2013-11-6,-4,6,2013-11-4
218,2013-11-6,-4,6,2013-11-4
218,2013-11-6,-4,6,2013-11-4
218,2013-11-6,-4,6,2013-11-4
218,2013-11-6,-4,6,2013-11-4
218,2013-11-6,-4,6,2013-11-4
218,2013-11-6,-4,6,2013-11-4
218,2013-11-6,-4,6,2013-11-5
218,2013-11-6,-4,6,2013-11-5
218,2013-11-6,-4,6,2013-11-6
218,2013-11-6,-4,6,2013-11-6
218,2013-11-6,4,7,2013-11-6
218,2013-11-6,4,7,2013-11-6
225,2013-11-8,1,0,2013-10-31
225,2013-11-8,1,1,2013-10-31
225,2013-11-8,1,20,2013-10-31
225,2013-11-8,1,2,2013-10-31
225,2013-11-8,2,1,2013-10-31
225,2013-11-8,2,21,2013-11-8
225,2013-11-8,4,1,2013-10-31
225,2013-11-8,-4,6,2013-10-31
225,2013-11-8,-4,6,2013-11-2
225,2013-11-8,-4,6,2013-11-4
225,2013-11-8,-4,6,2013-11-5
225,2013-11-8,-4,6,2013-11-5
225,2013-11-8,-4,6,2013-11-6
225,2013-11-8,-4,6,2013-11-6
225,2013-11-8,-4,6,2013-11-7
225,2013-11-8,-4,6,2013-11-7
225,2013-11-8,-4,6,2013-11-8
225,2013-11-8,-4,6,2013-11-8
227,2013-11-6,1,0,2013-9-12
227,2013-11-6,1,1,2013-9-12
227,2013-11-6,1,2,2013-10-31
227,2013-11-6,2,1,2013-9-12
227,2013-11-6,4,1,2013-9-12
227,2013-11-6,-4,6,2013-9-12
227,2013-11-6,-4,6,2013-10-15
227,2013-11-6,-4,6,2013-10-31
227,2013-11-6,-4,6,2013-10-31
227,2013-11-6,-4,6,2013-10-31
227,2013-11-6,-4,6,2013-10-31
227,2013-11-6,-4,6,2013-11-1
227,2013-11-6,-4,6,2013-11-1
227,2013-11-6,-4,6,2013-11-1
227,2013-11-6,-4,6,2013-11-1
227,2013-11-6,-4,6,2013-11-1
227,2013-11-6,-4,6,2013-11-2
227,2013-11-6,-4,6,2013-11-3
227,2013-11-6,-4,6,2013-11-3
227,2013-11-6,-4,6,2013-11-4
227,2013-11-6,-4,6,2013-11-4
227,2013-11-6,-4,6,2013-11-4
227,2013-11-6,-4,6,2013-11-4
227,2013-11-6,-4,6,2013-11-5
227,2013-11-6,-4,6,2013-11-5
227,2013-11-6,-4,6,2013-11-5
227,2013-11-6,-4,6,2013-11-6
227,2013-11-6,-4,6,2013-11-6
227,2013-11-6,-4,6,2013-11-6
227,2013-11-6,-4,6,2013-11-6
227,2013-11-6,-4,6,2013-11-6
227,2013-11-6,-4,6,2013-11-6
227,2013-11-6,4,7,2013-10-15
227,2013-11-6,4,7,2013-10-31
227,2013-11-6,4,7,2013-11-1
227,2013-11-6,4,7,2013-11-1
227,2013-11-6,4,7,2013-11-4
227,2013-11-6,4,7,2013-11-5
227,2013-11-6,4,7,2013-11-6
232,2013-11-4,1,0,2013-10-1
232,2013-11-4,1,1,2013-10-1
232,2013-11-4,1,20,2013-11-1
232,2013-11-4,1,2,2013-11-1
232,2013-11-4,2,1,2013-10-1
232,2013-11-4,2,7,2013-11-1
232,2013-11-4,4,1,2013-10-1
232,2013-11-4,-4,6,2013-10-1
232,2013-11-4,-4,6,2013-11-1
232,2013-11-4,-4,6,2013-11-1
232,2013-11-4,-4,6,2013-11-1
232,2013-11-4,-4,6,2013-11-1
232,2013-11-4,-4,6,2013-11-1
232,2013-11-4,-4,6,2013-11-1
232,2013-11-4,-4,6,2013-11-1
232,2013-11-4,-4,6,2013-11-1
232,2013-11-4,-4,6,2013-11-1
232,2013-11-4,-4,6,2013-11-2
232,2013-11-4,-4,6,2013-11-2
232,2013-11-4,-4,6,2013-11-3
232,2013-11-4,-4,6,2013-11-4
236,2013-11-13,1,0,2013-11-1
236,2013-11-13,1,1,2013-11-1
236,2013-11-13,1,20,2013-11-1
236,2013-11-13,1,20,2013-11-1
236,2013-11-13,1,2,2013-11-1
236,2013-11-13,2,1,2013-11-1
236,2013-11-13,2,21,2013-11-13
236,2013-11-13,4,1,2013-11-1
236,2013-11-13,-4,6,2013-11-1
236,2013-11-13,-4,6,2013-11-1
236,2013-11-13,-4,6,2013-11-2
236,2013-11-13,-4,6,2013-11-3
236,2013-11-13,-4,6,2013-11-3
236,2013-11-13,-4,6,2013-11-3
236,2013-11-13,-4,6,2013-11-3
236,2013-11-13,-4,6,2013-11-4
236,2013-11-13,-4,6,2013-11-4
236,2013-11-13,-4,6,2013-11-5
236,2013-11-13,-4,6,2013-11-5
236,2013-11-13,-4,6,2013-11-6
236,2013-11-13,-4,6,2013-11-6
236,2013-11-13,-4,6,2013-11-6
236,2013-11-13,-4,6,2013-11-6
236,2013-11-13,-4,6,2013-11-6
236,2013-11-13,-4,6,2013-11-7
236,2013-11-13,-4,6,2013-11-7
236,2013-11-13,-4,6,2013-11-10
236,2013-11-13,-4,6,2013-11-10
236,2013-11-13,-4,6,2013-11-10
236,2013-11-13,-4,6,2013-11-11
236,2013-11-13,-4,6,2013-11-11
236,2013-11-13,-4,6,2013-11-11
236,2013-11-13,-4,6,2013-11-12
236,2013-11-13,-4,6,2013-11-13
238,2013-11-11,1,0,2013-10-31
238,2013-11-11,1,1,2013-10-31
238,2013-11-11,1,20,2013-11-1
238,2013-11-11,1,2,2013-11-1
238,2013-11-11,2,1,2013-10-31
238,2013-11-11,4,1,2013-10-31
238,2013-11-11,-4,6,2013-10-31
238,2013-11-11,-4,6,2013-11-1
238,2013-11-11,-4,6,2013-11-1
238,2013-11-11,-4,6,2013-11-1
238,2013-11-11,-4,6,2013-11-2
238,2013-11-11,-4,6,2013-11-2
238,2013-11-11,-4,6,2013-11-4
238,2013-11-11,-4,6,2013-11-5
238,2013-11-11,-4,6,2013-11-5
238,2013-11-11,-4,6,2013-11-5
238,2013-11-11,-4,6,2013-11-6
238,2013-11-11,-4,6,2013-11-7
238,2013-11-11,-4,6,2013-11-7
238,2013-11-11,-4,6,2013-11-7
238,2013-11-11,-4,6,2013-11-7
238,2013-11-11,-4,6,2013-11-7
238,2013-11-11,-4,6,2013-11-7
238,2013-11-11,-4,6,2013-11-8
238,2013-11-11,-4,6,2013-11-9
238,2013-11-11,-4,6,2013-11-11
240,2013-11-8,1,0,2013-11-1
240,2013-11-8,1,1,2013-11-1
240,2013-11-8,1,20,2013-11-1
240,2013-11-8,1,2,2013-11-1
240,2013-11-8,2,1,2013-11-1
240,2013-11-8,4,1,2013-11-1
240,2013-11-8,-4,6,2013-11-1
240,2013-11-8,-4,6,2013-11-1
240,2013-11-8,-4,6,2013-11-1
240,2013-11-8,-4,6,2013-11-5
240,2013-11-8,-4,6,2013-11-5
240,2013-11-8,-4,6,2013-11-5
240,2013-11-8,-4,6,2013-11-5
240,2013-11-8,-4,6,2013-11-5
240,2013-11-8,-4,6,2013-11-6
242,2013-11-5,-10,13,2013-11-1
242,2013-11-5,1,0,2013-11-1
242,2013-11-5,1,1,2013-11-1
242,2013-11-5,1,20,2013-11-1
242,2013-11-5,1,2,2013-11-1
242,2013-11-5,2,1,2013-11-1
242,2013-11-5,3,1,2013-11-1
242,2013-11-5,4,1,2013-11-1
242,2013-11-5,-4,6,2013-11-1
242,2013-11-5,-4,6,2013-11-1
242,2013-11-5,-4,6,2013-11-1
242,2013-11-5,-4,6,2013-11-2
242,2013-11-5,-4,6,2013-11-2
242,2013-11-5,-4,6,2013-11-2
242,2013-11-5,-4,6,2013-11-2
242,2013-11-5,-4,6,2013-11-2
242,2013-11-5,-4,6,2013-11-2
242,2013-11-5,-4,6,2013-11-2
242,2013-11-5,-4,6,2013-11-2
242,2013-11-5,-4,6,2013-11-2
242,2013-11-5,-4,6,2013-11-2
242,2013-11-5,-4,6,2013-11-2
242,2013-11-5,-4,6,2013-11-2
242,2013-11-5,-4,6,2013-11-2
242,2013-11-5,-4,6,2013-11-2
242,2013-11-5,-4,6,2013-11-2
242,2013-11-5,-4,6,2013-11-2
242,2013-11-5,-4,6,2013-11-2
242,2013-11-5,-4,6,2013-11-2
242,2013-11-5,-4,6,2013-11-2
242,2013-11-5,-4,6,2013-11-2
242,2013-11-5,-4,6,2013-11-3
242,2013-11-5,-4,6,2013-11-3
242,2013-11-5,-4,6,2013-11-3
242,2013-11-5,-4,6,2013-11-3
242,2013-11-5,-4,6,2013-11-3
242,2013-11-5,-4,6,2013-11-3
242,2013-11-5,-4,6,2013-11-3
242,2013-11-5,-4,6,2013-11-3
242,2013-11-5,-4,6,2013-11-4
242,2013-11-5,-4,6,2013-11-4
242,2013-11-5,-4,6,2013-11-4
242,2013-11-5,-4,6,2013-11-4
242,2013-11-5,-4,6,2013-11-4
242,2013-11-5,-4,6,2013-11-4
242,2013-11-5,-4,6,2013-11-5
242,2013-11-5,-4,6,2013-11-5
242,2013-11-5,-4,6,2013-11-5
242,2013-11-5,-4,6,2013-11-5
242,2013-11-5,-4,6,2013-11-5
242,2013-11-5,-4,6,2013-11-5
242,2013-11-5,-4,6,2013-11-5
245,2013-11-7,-10,13,2013-11-1
245,2013-11-7,1,0,2013-11-1
245,2013-11-7,1,1,2013-11-1
245,2013-11-7,1,20,2013-11-1
245,2013-11-7,1,2,2013-11-1
245,2013-11-7,2,1,2013-11-1
245,2013-11-7,2,7,2013-11-1
245,2013-11-7,3,1,2013-11-1
245,2013-11-7,4,1,2013-11-1
245,2013-11-7,-4,6,2013-11-1
245,2013-11-7,-4,6,2013-11-1
245,2013-11-7,-4,6,2013-11-2
245,2013-11-7,-4,6,2013-11-2
245,2013-11-7,-4,6,2013-11-2
245,2013-11-7,-4,6,2013-11-2
245,2013-11-7,-4,6,2013-11-2
245,2013-11-7,-4,6,2013-11-2
245,2013-11-7,-4,6,2013-11-3
245,2013-11-7,-4,6,2013-11-3
245,2013-11-7,-4,6,2013-11-4
245,2013-11-7,-4,6,2013-11-4
245,2013-11-7,-4,6,2013-11-4
245,2013-11-7,-4,6,2013-11-5
245,2013-11-7,-4,6,2013-11-5
245,2013-11-7,-4,6,2013-11-5
245,2013-11-7,-4,6,2013-11-5
245,2013-11-7,-4,6,2013-11-5
245,2013-11-7,-4,6,2013-11-5
245,2013-11-7,-4,6,2013-11-6
245,2013-11-7,-4,6,2013-11-6
245,2013-11-7,-4,6,2013-11-6
245,2013-11-7,-4,6,2013-11-6
245,2013-11-7,-4,6,2013-11-6
245,2013-11-7,-4,6,2013-11-7
245,2013-11-7,-4,6,2013-11-7
245,2013-11-7,-4,6,2013-11-7
245,2013-11-7,-4,6,2013-11-7
245,2013-11-7,-4,6,2013-11-7
245,2013-11-7,-4,6,2013-11-7
245,2013-11-7,-4,6,2013-11-7
245,2013-11-7,-4,6,2013-11-7
246,2013-11-8,1,0,2013-11-1
246,2013-11-8,1,1,2013-11-1
246,2013-11-8,1,20,2013-11-1
246,2013-11-8,1,2,2013-11-1
246,2013-11-8,2,1,2013-11-1
246,2013-11-8,4,1,2013-11-1
246,2013-11-8,-4,6,2013-11-1
246,2013-11-8,-4,6,2013-11-1
246,2013-11-8,-4,6,2013-11-1
246,2013-11-8,-4,6,2013-11-4
246,2013-11-8,-4,6,2013-11-8
250,2013-11-6,1,0,2013-11-1
250,2013-11-6,1,1,2013-11-1
250,2013-11-6,1,20,2013-11-1
250,2013-11-6,1,2,2013-11-1
250,2013-11-6,2,1,2013-11-1
250,2013-11-6,4,1,2013-11-1
250,2013-11-6,-4,6,2013-11-1
250,2013-11-6,-4,6,2013-11-2
250,2013-11-6,-4,6,2013-11-3
250,2013-11-6,-4,6,2013-11-4
250,2013-11-6,-4,6,2013-11-4
250,2013-11-6,-4,6,2013-11-6
250,2013-11-6,-4,6,2013-11-6
250,2013-11-6,-4,6,2013-11-6
250,2013-11-6,4,7,2013-11-2
250,2013-11-6,4,7,2013-11-3
251,2013-11-6,1,0,2013-10-31
251,2013-11-6,1,1,2013-10-31
251,2013-11-6,1,20,2013-10-31
251,2013-11-6,1,2,2013-10-31
251,2013-11-6,1,2,2013-10-31
251,2013-11-6,1,2,2013-11-1
251,2013-11-6,2,1,2013-10-31
251,2013-11-6,4,1,2013-10-31
251,2013-11-6,-4,6,2013-10-31
251,2013-11-6,-4,6,2013-10-31
251,2013-11-6,-4,6,2013-10-31
251,2013-11-6,-4,6,2013-10-31
251,2013-11-6,-4,6,2013-10-31
251,2013-11-6,-4,6,2013-10-31
251,2013-11-6,-4,6,2013-11-1
251,2013-11-6,-4,6,2013-11-1
251,2013-11-6,-4,6,2013-11-1
251,2013-11-6,-4,6,2013-11-1
251,2013-11-6,-4,6,2013-11-1
251,2013-11-6,-4,6,2013-11-1
251,2013-11-6,-4,6,2013-11-1
251,2013-11-6,-4,6,2013-11-1
251,2013-11-6,-4,6,2013-11-1
251,2013-11-6,-4,6,2013-11-1
251,2013-11-6,-4,6,2013-11-1
251,2013-11-6,-4,6,2013-11-1
251,2013-11-6,-4,6,2013-11-1
251,2013-11-6,-4,6,2013-11-1
251,2013-11-6,-4,6,2013-11-1
251,2013-11-6,-4,6,2013-11-1
251,2013-11-6,-4,6,2013-11-2
251,2013-11-6,-4,6,2013-11-2
251,2013-11-6,-4,6,2013-11-2
251,2013-11-6,-4,6,2013-11-2
251,2013-11-6,-4,6,2013-11-2
251,2013-11-6,-4,6,2013-11-2
251,2013-11-6,-4,6,2013-11-3
251,2013-11-6,-4,6,2013-11-3
251,2013-11-6,-4,6,2013-11-3
251,2013-11-6,-4,6,2013-11-3
251,2013-11-6,-4,6,2013-11-4
251,2013-11-6,-4,6,2013-11-4
251,2013-11-6,-4,6,2013-11-4
251,2013-11-6,-4,6,2013-11-4
251,2013-11-6,-4,6,2013-11-4
251,2013-11-6,-4,6,2013-11-5
251,2013-11-6,-4,6,2013-11-5
251,2013-11-6,-4,6,2013-11-5
251,2013-11-6,-4,6,2013-11-5
251,2013-11-6,-4,6,2013-11-6
251,2013-11-6,-4,6,2013-11-6
251,2013-11-6,4,7,2013-11-1
253,2013-11-7,1,0,2013-11-1
253,2013-11-7,1,1,2013-11-1
253,2013-11-7,1,20,2013-11-1
253,2013-11-7,1,2,2013-11-1
253,2013-11-7,2,1,2013-11-1
253,2013-11-7,4,1,2013-11-1
253,2013-11-7,-4,6,2013-11-1
253,2013-11-7,-4,6,2013-11-1
253,2013-11-7,-4,6,2013-11-1
253,2013-11-7,-4,6,2013-11-1
253,2013-11-7,-4,6,2013-11-3
253,2013-11-7,-4,6,2013-11-3
253,2013-11-7,-4,6,2013-11-3
253,2013-11-7,-4,6,2013-11-3
253,2013-11-7,-4,6,2013-11-3
253,2013-11-7,-4,6,2013-11-3
253,2013-11-7,-4,6,2013-11-4
253,2013-11-7,-4,6,2013-11-4
253,2013-11-7,-4,6,2013-11-5
253,2013-11-7,-4,6,2013-11-5
253,2013-11-7,-4,6,2013-11-5
253,2013-11-7,-4,6,2013-11-5
253,2013-11-7,-4,6,2013-11-6
253,2013-11-7,-4,6,2013-11-6
253,2013-11-7,-4,6,2013-11-6
253,2013-11-7,-4,6,2013-11-6
253,2013-11-7,-4,6,2013-11-6
253,2013-11-7,-4,6,2013-11-7
254,2013-11-7,1,0,2013-11-1
254,2013-11-7,1,1,2013-11-1
254,2013-11-7,1,20,2013-11-1
254,2013-11-7,1,20,2013-11-1
254,2013-11-7,1,2,2013-11-1
254,2013-11-7,2,1,2013-11-1
254,2013-11-7,4,1,2013-11-1
254,2013-11-7,-4,6,2013-11-1
254,2013-11-7,-4,6,2013-11-1
254,2013-11-7,-4,6,2013-11-1
254,2013-11-7,-4,6,2013-11-1
254,2013-11-7,-4,6,2013-11-1
254,2013-11-7,-4,6,2013-11-1
254,2013-11-7,-4,6,2013-11-1
254,2013-11-7,-4,6,2013-11-3
254,2013-11-7,-4,6,2013-11-4
254,2013-11-7,-4,6,2013-11-4
254,2013-11-7,-4,6,2013-11-4
254,2013-11-7,-4,6,2013-11-5
255,2013-11-12,107,6,2013-11-1
255,2013-11-12,107,6,2013-11-1
255,2013-11-12,107,6,2013-11-1
255,2013-11-12,107,6,2013-11-1
255,2013-11-12,107,6,2013-11-2
255,2013-11-12,107,6,2013-11-2
255,2013-11-12,107,6,2013-11-2
255,2013-11-12,107,6,2013-11-3
255,2013-11-12,107,6,2013-11-3
255,2013-11-12,107,6,2013-11-3
255,2013-11-12,107,6,2013-11-3
255,2013-11-12,107,6,2013-11-3
255,2013-11-12,107,6,2013-11-4
255,2013-11-12,107,6,2013-11-4
255,2013-11-12,107,6,2013-11-4
255,2013-11-12,107,6,2013-11-5
255,2013-11-12,107,6,2013-11-5
255,2013-11-12,107,6,2013-11-6
255,2013-11-12,107,6,2013-11-6
255,2013-11-12,107,6,2013-11-6
255,2013-11-12,107,6,2013-11-7
255,2013-11-12,107,6,2013-11-7
255,2013-11-12,107,6,2013-11-7
255,2013-11-12,107,6,2013-11-7
255,2013-11-12,107,6,2013-11-8
255,2013-11-12,107,6,2013-11-8
255,2013-11-12,107,6,2013-11-8
255,2013-11-12,107,6,2013-11-9
255,2013-11-12,107,6,2013-11-9
255,2013-11-12,107,6,2013-11-9
255,2013-11-12,107,6,2013-11-9
255,2013-11-12,107,6,2013-11-9
255,2013-11-12,107,6,2013-11-10
255,2013-11-12,107,6,2013-11-10
255,2013-11-12,107,6,2013-11-10
255,2013-11-12,107,6,2013-11-10
255,2013-11-12,107,6,2013-11-10
255,2013-11-12,107,6,2013-11-11
255,2013-11-12,107,6,2013-11-11
255,2013-11-12,107,6,2013-11-12
255,2013-11-12,1,1,2013-11-1
255,2013-11-12,1,20,2013-11-1
255,2013-11-12,12,0,2013-11-1
255,2013-11-12,1,2,2013-11-1
255,2013-11-12,2,1,2013-11-1
255,2013-11-12,2,21,2013-11-12
255,2013-11-12,4,1,2013-11-1
255,2013-11-12,-4,6,2013-11-1
255,2013-11-12,-4,6,2013-11-1
255,2013-11-12,-4,6,2013-11-1
255,2013-11-12,-4,6,2013-11-1
255,2013-11-12,-4,6,2013-11-1
255,2013-11-12,-4,6,2013-11-2
255,2013-11-12,-4,6,2013-11-2
255,2013-11-12,-4,6,2013-11-2
255,2013-11-12,-4,6,2013-11-3
255,2013-11-12,-4,6,2013-11-3
255,2013-11-12,-4,6,2013-11-3
255,2013-11-12,-4,6,2013-11-3
255,2013-11-12,-4,6,2013-11-3
255,2013-11-12,-4,6,2013-11-3
255,2013-11-12,-4,6,2013-11-3
255,2013-11-12,-4,6,2013-11-4
255,2013-11-12,-4,6,2013-11-4
255,2013-11-12,-4,6,2013-11-4
255,2013-11-12,-4,6,2013-11-4
255,2013-11-12,-4,6,2013-11-5
255,2013-11-12,-4,6,2013-11-5
255,2013-11-12,-4,6,2013-11-5
255,2013-11-12,-4,6,2013-11-6
255,2013-11-12,-4,6,2013-11-6
255,2013-11-12,-4,6,2013-11-6
255,2013-11-12,-4,6,2013-11-6
255,2013-11-12,-4,6,2013-11-6
255,2013-11-12,-4,6,2013-11-7
255,2013-11-12,-4,6,2013-11-7
255,2013-11-12,-4,6,2013-11-7
255,2013-11-12,-4,6,2013-11-7
255,2013-11-12,-4,6,2013-11-7
255,2013-11-12,-4,6,2013-11-8
255,2013-11-12,-4,6,2013-11-8
255,2013-11-12,-4,6,2013-11-8
255,2013-11-12,-4,6,2013-11-8
255,2013-11-12,-4,6,2013-11-8
255,2013-11-12,-4,6,2013-11-8
255,2013-11-12,-4,6,2013-11-9
255,2013-11-12,-4,6,2013-11-9
255,2013-11-12,-4,6,2013-11-9
255,2013-11-12,-4,6,2013-11-9
255,2013-11-12,-4,6,2013-11-9
255,2013-11-12,-4,6,2013-11-10
255,2013-11-12,-4,6,2013-11-10
255,2013-11-12,-4,6,2013-11-10
255,2013-11-12,-4,6,2013-11-10
255,2013-11-12,-4,6,2013-11-10
255,2013-11-12,-4,6,2013-11-11
255,2013-11-12,-4,6,2013-11-11
255,2013-11-12,-4,6,2013-11-11
255,2013-11-12,-4,6,2013-11-11
255,2013-11-12,-4,6,2013-11-12
255,2013-11-12,-4,6,2013-11-12
258,2013-11-7,100,6,2012-11-14
258,2013-11-7,100,6,2012-11-15
258,2013-11-7,100,6,2012-11-15
258,2013-11-7,100,6,2012-11-15
258,2013-11-7,100,6,2012-11-16
258,2013-11-7,100,6,2012-11-16
258,2013-11-7,100,6,2012-11-17
258,2013-11-7,100,6,2012-11-17
258,2013-11-7,100,6,2012-11-17
258,2013-11-7,100,6,2012-11-18
258,2013-11-7,100,6,2012-11-19
258,2013-11-7,100,6,2012-11-19
258,2013-11-7,100,6,2012-11-20
258,2013-11-7,100,6,2012-11-20
258,2013-11-7,100,6,2012-11-20
258,2013-11-7,100,6,2012-11-29
258,2013-11-7,100,6,2013-11-1
258,2013-11-7,100,6,2013-11-2
258,2013-11-7,100,6,2013-11-2
258,2013-11-7,100,6,2013-11-2
258,2013-11-7,100,6,2013-11-3
258,2013-11-7,100,6,2013-11-4
258,2013-11-7,100,6,2013-11-4
258,2013-11-7,100,6,2013-11-5
258,2013-11-7,100,6,2013-11-5
258,2013-11-7,100,6,2013-11-5
258,2013-11-7,100,6,2013-11-6
258,2013-11-7,107,6,2013-9-22
258,2013-11-7,1,2,2012-11-15
258,2013-11-7,1,2,2013-11-1
258,2013-11-7,4,19,2012-11-20
258,2013-11-7,-4,6,2013-11-1
258,2013-11-7,-4,6,2013-11-1
258,2013-11-7,-4,6,2013-11-2
258,2013-11-7,-4,6,2013-11-2
258,2013-11-7,-4,6,2013-11-2
258,2013-11-7,-4,6,2013-11-3
258,2013-11-7,-4,6,2013-11-4
258,2013-11-7,-4,6,2013-11-5
258,2013-11-7,-4,6,2013-11-5
258,2013-11-7,-4,6,2013-11-6
260,2013-11-6,-10,13,2013-11-6
260,2013-11-6,1,0,2013-11-1
260,2013-11-6,1,1,2013-11-1
260,2013-11-6,1,20,2013-11-1
260,2013-11-6,1,2,2013-11-1
260,2013-11-6,1,4,2013-11-2
260,2013-11-6,2,1,2013-11-1
260,2013-11-6,3,1,2013-11-6
260,2013-11-6,4,1,2013-11-1
260,2013-11-6,-4,6,2013-11-1
260,2013-11-6,-4,6,2013-11-2
260,2013-11-6,-4,6,2013-11-2
260,2013-11-6,-4,6,2013-11-2
260,2013-11-6,-4,6,2013-11-2
260,2013-11-6,-4,6,2013-11-2
260,2013-11-6,-4,6,2013-11-2
260,2013-11-6,-4,6,2013-11-3
260,2013-11-6,-4,6,2013-11-3
260,2013-11-6,-4,6,2013-11-3
260,2013-11-6,-4,6,2013-11-3
260,2013-11-6,-4,6,2013-11-4
260,2013-11-6,-4,6,2013-11-5
260,2013-11-6,-4,6,2013-11-5
260,2013-11-6,-4,6,2013-11-5
260,2013-11-6,-4,6,2013-11-5
260,2013-11-6,-4,6,2013-11-5
260,2013-11-6,-4,6,2013-11-5
260,2013-11-6,-4,6,2013-11-5
260,2013-11-6,-4,6,2013-11-5
260,2013-11-6,-4,6,2013-11-5
260,2013-11-6,-4,6,2013-11-6
260,2013-11-6,-4,6,2013-11-6
260,2013-11-6,-4,6,2013-11-6
260,2013-11-6,-4,6,2013-11-6
260,2013-11-6,-4,6,2013-11-6
260,2013-11-6,-4,6,2013-11-6
260,2013-11-6,-4,6,2013-11-6
261,2013-11-7,1,0,2013-10-10
261,2013-11-7,1,1,2013-10-10
261,2013-11-7,1,2,2013-10-23
261,2013-11-7,1,2,2013-11-1
261,2013-11-7,2,1,2013-10-10
261,2013-11-7,4,1,2013-10-10
261,2013-11-7,-4,6,2013-10-10
261,2013-11-7,-4,6,2013-10-23
261,2013-11-7,-4,6,2013-10-25
261,2013-11-7,-4,6,2013-10-25
261,2013-11-7,-4,6,2013-11-1
261,2013-11-7,-4,6,2013-11-1
261,2013-11-7,-4,6,2013-11-1
261,2013-11-7,-4,6,2013-11-4
261,2013-11-7,-4,6,2013-11-5
261,2013-11-7,-4,6,2013-11-5
261,2013-11-7,-4,6,2013-11-6
261,2013-11-7,-4,6,2013-11-6
261,2013-11-7,-4,6,2013-11-6
261,2013-11-7,-4,6,2013-11-6
261,2013-11-7,-4,6,2013-11-7
262,2013-11-8,100,6,2013-10-30
262,2013-11-8,100,6,2013-10-30
262,2013-11-8,1,0,2012-3-22
262,2013-11-8,10,20,2013-10-30
262,2013-11-8,1,1,2012-3-22
262,2013-11-8,1,2,2013-11-1
262,2013-11-8,2,1,2012-3-22
262,2013-11-8,2,3,2013-11-4
262,2013-11-8,2,3,2013-11-8
262,2013-11-8,3,1,2012-3-22
262,2013-11-8,4,1,2012-3-22
262,2013-11-8,4,19,2012-3-22
262,2013-11-8,4,6,2012-3-22
262,2013-11-8,4,6,2012-3-22
262,2013-11-8,-4,6,2013-10-30
262,2013-11-8,-4,6,2013-10-30
262,2013-11-8,-4,6,2013-10-30
262,2013-11-8,-4,6,2013-10-30
262,2013-11-8,-4,6,2013-10-30
262,2013-11-8,-4,6,2013-10-30
262,2013-11-8,-4,6,2013-10-30
262,2013-11-8,-4,6,2013-10-30
262,2013-11-8,-4,6,2013-11-1
262,2013-11-8,-4,6,2013-11-2
262,2013-11-8,-4,6,2013-11-2
262,2013-11-8,-4,6,2013-11-3
262,2013-11-8,-4,6,2013-11-3
262,2013-11-8,-4,6,2013-11-4
262,2013-11-8,-4,6,2013-11-4
262,2013-11-8,-4,6,2013-11-5
262,2013-11-8,-4,6,2013-11-5
262,2013-11-8,-4,6,2013-11-6
262,2013-11-8,-4,6,2013-11-6
262,2013-11-8,-4,6,2013-11-6
262,2013-11-8,-4,6,2013-11-7
262,2013-11-8,-4,6,2013-11-7
262,2013-11-8,-4,6,2013-11-7
262,2013-11-8,-4,6,2013-11-7
262,2013-11-8,-4,6,2013-11-8
262,2013-11-8,-4,6,2013-11-8
262,2013-11-8,-4,6,2013-11-8
262,2013-11-8,4,7,2013-10-30
262,2013-11-8,4,7,2013-10-30
266,2013-11-7,-10,13,2013-10-22
266,2013-11-7,1,0,2013-10-10
266,2013-11-7,1,1,2013-10-10
266,2013-11-7,1,2,2013-10-20
266,2013-11-7,1,2,2013-11-1
266,2013-11-7,1,4,2013-10-29
266,2013-11-7,2,1,2013-10-10
266,2013-11-7,3,1,2013-10-22
266,2013-11-7,4,1,2013-10-10
266,2013-11-7,-4,6,2013-10-10
266,2013-11-7,-4,6,2013-10-20
266,2013-11-7,-4,6,2013-10-20
266,2013-11-7,-4,6,2013-10-22
266,2013-11-7,-4,6,2013-10-23
266,2013-11-7,-4,6,2013-10-24
266,2013-11-7,-4,6,2013-10-24
266,2013-11-7,-4,6,2013-10-24
266,2013-11-7,-4,6,2013-10-25
266,2013-11-7,-4,6,2013-10-28
266,2013-11-7,-4,6,2013-10-29
266,2013-11-7,-4,6,2013-10-30
266,2013-11-7,-4,6,2013-10-31
266,2013-11-7,-4,6,2013-11-1
266,2013-11-7,-4,6,2013-11-3
266,2013-11-7,-4,6,2013-11-4
266,2013-11-7,-4,6,2013-11-6
266,2013-11-7,-4,6,2013-11-6
266,2013-11-7,-4,6,2013-11-6
266,2013-11-7,-4,6,2013-11-6
266,2013-11-7,-4,6,2013-11-7
266,2013-11-7,-4,6,2013-11-7
266,2013-11-7,-4,6,2013-11-7
266,2013-11-7,-4,6,2013-11-7
273,2013-11-8,1,0,2013-11-1
273,2013-11-8,1,1,2013-11-1
273,2013-11-8,1,20,2013-11-1
273,2013-11-8,1,2,2013-11-1
273,2013-11-8,1,4,2013-11-2
273,2013-11-8,2,1,2013-11-1
273,2013-11-8,4,1,2013-11-1
273,2013-11-8,-4,6,2013-11-1
273,2013-11-8,-4,6,2013-11-1
273,2013-11-8,-4,6,2013-11-1
273,2013-11-8,-4,6,2013-11-1
273,2013-11-8,-4,6,2013-11-1
273,2013-11-8,-4,6,2013-11-1
273,2013-11-8,-4,6,2013-11-1
273,2013-11-8,-4,6,2013-11-1
273,2013-11-8,-4,6,2013-11-2
273,2013-11-8,-4,6,2013-11-2
273,2013-11-8,-4,6,2013-11-2
273,2013-11-8,-4,6,2013-11-2
273,2013-11-8,-4,6,2013-11-2
273,2013-11-8,-4,6,2013-11-2
273,2013-11-8,-4,6,2013-11-2
273,2013-11-8,-4,6,2013-11-2
273,2013-11-8,-4,6,2013-11-3
273,2013-11-8,-4,6,2013-11-3
273,2013-11-8,-4,6,2013-11-3
273,2013-11-8,-4,6,2013-11-4
273,2013-11-8,-4,6,2013-11-4
273,2013-11-8,-4,6,2013-11-4
273,2013-11-8,-4,6,2013-11-5
273,2013-11-8,-4,6,2013-11-6
273,2013-11-8,-4,6,2013-11-6
273,2013-11-8,-4,6,2013-11-6
273,2013-11-8,-4,6,2013-11-6
274,2013-11-9,1,0,2013-11-1
274,2013-11-9,1,1,2013-11-1
274,2013-11-9,1,20,2013-11-1
274,2013-11-9,1,2,2013-11-1
274,2013-11-9,2,1,2013-11-1
274,2013-11-9,4,1,2013-11-1
274,2013-11-9,-4,6,2013-11-1
274,2013-11-9,-4,6,2013-11-2
274,2013-11-9,-4,6,2013-11-2
274,2013-11-9,-4,6,2013-11-2
274,2013-11-9,-4,6,2013-11-3
274,2013-11-9,-4,6,2013-11-3
274,2013-11-9,-4,6,2013-11-4
274,2013-11-9,-4,6,2013-11-5
274,2013-11-9,-4,6,2013-11-5
274,2013-11-9,-4,6,2013-11-5
274,2013-11-9,-4,6,2013-11-6
274,2013-11-9,-4,6,2013-11-7
274,2013-11-9,-4,6,2013-11-7
274,2013-11-9,-4,6,2013-11-8
274,2013-11-9,-4,6,2013-11-8
274,2013-11-9,-4,6,2013-11-8
274,2013-11-9,-4,6,2013-11-9
274,2013-11-9,-4,6,2013-11-9
274,2013-11-9,99,6,2013-11-9
276,2013-11-8,1,0,2013-11-1
276,2013-11-8,1,1,2013-11-1
276,2013-11-8,1,20,2013-11-1
276,2013-11-8,1,20,2013-11-1
276,2013-11-8,1,2,2013-11-2
276,2013-11-8,2,1,2013-11-1
276,2013-11-8,4,1,2013-11-1
276,2013-11-8,-4,6,2013-11-1
276,2013-11-8,-4,6,2013-11-1
276,2013-11-8,-4,6,2013-11-2
276,2013-11-8,-4,6,2013-11-2
276,2013-11-8,-4,6,2013-11-2
276,2013-11-8,-4,6,2013-11-2
276,2013-11-8,-4,6,2013-11-5
276,2013-11-8,-4,6,2013-11-8
276,2013-11-8,4,7,2013-11-1
276,2013-11-8,4,7,2013-11-1
276,2013-11-8,4,7,2013-11-8
277,2013-11-12,1,0,2013-10-1
277,2013-11-12,107,6,2013-10-17
277,2013-11-12,1,1,2013-10-1
277,2013-11-12,1,2,2013-10-2
277,2013-11-12,1,2,2013-11-2
277,2013-11-12,2,1,2013-10-1
277,2013-11-12,4,1,2013-10-1
277,2013-11-12,-4,6,2013-10-1
277,2013-11-12,-4,6,2013-10-1
277,2013-11-12,-4,6,2013-10-1
277,2013-11-12,-4,6,2013-10-2
277,2013-11-12,-4,6,2013-10-3
277,2013-11-12,-4,6,2013-10-4
277,2013-11-12,-4,6,2013-10-5
277,2013-11-12,-4,6,2013-10-8
277,2013-11-12,-4,6,2013-10-12
277,2013-11-12,-4,6,2013-10-12
277,2013-11-12,-4,6,2013-10-12
277,2013-11-12,-4,6,2013-10-12
277,2013-11-12,-4,6,2013-10-16
277,2013-11-12,-4,6,2013-10-17
277,2013-11-12,-4,6,2013-10-17
277,2013-11-12,-4,6,2013-10-17
277,2013-11-12,-4,6,2013-10-17
277,2013-11-12,-4,6,2013-10-17
277,2013-11-12,-4,6,2013-10-17
277,2013-11-12,-4,6,2013-10-17
277,2013-11-12,-4,6,2013-10-17
277,2013-11-12,-4,6,2013-10-17
277,2013-11-12,-4,6,2013-10-17
277,2013-11-12,-4,6,2013-10-17
277,2013-11-12,-4,6,2013-10-17
277,2013-11-12,-4,6,2013-10-17
277,2013-11-12,-4,6,2013-10-18
277,2013-11-12,-4,6,2013-10-18
277,2013-11-12,-4,6,2013-10-19
277,2013-11-12,-4,6,2013-10-19
277,2013-11-12,-4,6,2013-10-19
277,2013-11-12,-4,6,2013-10-19
277,2013-11-12,-4,6,2013-10-19
277,2013-11-12,-4,6,2013-10-19
277,2013-11-12,-4,6,2013-10-19
277,2013-11-12,-4,6,2013-10-19
277,2013-11-12,-4,6,2013-10-19
277,2013-11-12,-4,6,2013-10-19
277,2013-11-12,-4,6,2013-10-19
277,2013-11-12,-4,6,2013-10-19
277,2013-11-12,-4,6,2013-10-19
277,2013-11-12,-4,6,2013-10-19
277,2013-11-12,-4,6,2013-10-20
277,2013-11-12,-4,6,2013-10-20
277,2013-11-12,-4,6,2013-10-20
277,2013-11-12,-4,6,2013-10-20
277,2013-11-12,-4,6,2013-10-20
277,2013-11-12,-4,6,2013-10-22
277,2013-11-12,-4,6,2013-10-24
277,2013-11-12,-4,6,2013-10-24
277,2013-11-12,-4,6,2013-10-24
277,2013-11-12,-4,6,2013-10-24
277,2013-11-12,-4,6,2013-10-24
277,2013-11-12,-4,6,2013-10-24
277,2013-11-12,-4,6,2013-10-24
277,2013-11-12,-4,6,2013-10-24
277,2013-11-12,-4,6,2013-10-24
277,2013-11-12,-4,6,2013-10-25
277,2013-11-12,-4,6,2013-10-25
277,2013-11-12,-4,6,2013-11-1
277,2013-11-12,-4,6,2013-11-1
277,2013-11-12,-4,6,2013-11-2
277,2013-11-12,-4,6,2013-11-2
277,2013-11-12,-4,6,2013-11-2
277,2013-11-12,-4,6,2013-11-3
277,2013-11-12,-4,6,2013-11-3
277,2013-11-12,-4,6,2013-11-3
277,2013-11-12,-4,6,2013-11-3
277,2013-11-12,-4,6,2013-11-4
277,2013-11-12,-4,6,2013-11-4
277,2013-11-12,-4,6,2013-11-5
277,2013-11-12,-4,6,2013-11-5
277,2013-11-12,-4,6,2013-11-5
277,2013-11-12,-4,6,2013-11-5
277,2013-11-12,-4,6,2013-11-5
277,2013-11-12,-4,6,2013-11-5
277,2013-11-12,-4,6,2013-11-5
277,2013-11-12,-4,6,2013-11-7
277,2013-11-12,-4,6,2013-11-7
277,2013-11-12,-4,6,2013-11-7
277,2013-11-12,-4,6,2013-11-9
277,2013-11-12,-4,6,2013-11-9
277,2013-11-12,-4,6,2013-11-9
277,2013-11-12,-4,6,2013-11-9
277,2013-11-12,-4,6,2013-11-11
277,2013-11-12,-4,6,2013-11-11
277,2013-11-12,-4,6,2013-11-11
277,2013-11-12,-4,6,2013-11-11
277,2013-11-12,-4,6,2013-11-11
277,2013-11-12,-4,6,2013-11-11
277,2013-11-12,-4,6,2013-11-11
277,2013-11-12,-4,6,2013-11-11
277,2013-11-12,-4,6,2013-11-11
277,2013-11-12,-4,6,2013-11-11
277,2013-11-12,-4,6,2013-11-11
277,2013-11-12,-4,6,2013-11-11
277,2013-11-12,-4,6,2013-11-11
277,2013-11-12,-4,6,2013-11-12
277,2013-11-12,-4,6,2013-11-12
277,2013-11-12,-4,6,2013-11-12
277,2013-11-12,-4,6,2013-11-12
277,2013-11-12,-4,6,2013-11-12
277,2013-11-12,99,6,2013-10-4
277,2013-11-12,99,6,2013-10-4
277,2013-11-12,99,6,2013-10-8
277,2013-11-12,99,6,2013-10-11
277,2013-11-12,99,6,2013-10-11
277,2013-11-12,99,6,2013-10-11
277,2013-11-12,99,6,2013-10-11
277,2013-11-12,99,6,2013-10-11
277,2013-11-12,99,6,2013-10-11
277,2013-11-12,99,6,2013-10-11
277,2013-11-12,99,6,2013-10-18
277,2013-11-12,99,6,2013-10-18
277,2013-11-12,99,6,2013-10-18
277,2013-11-12,99,6,2013-10-18
277,2013-11-12,99,6,2013-10-20
277,2013-11-12,99,6,2013-10-20
277,2013-11-12,99,6,2013-10-21
277,2013-11-12,99,6,2013-10-21
277,2013-11-12,99,6,2013-10-21
277,2013-11-12,99,6,2013-10-21
277,2013-11-12,99,6,2013-10-21
277,2013-11-12,99,6,2013-10-21
277,2013-11-12,99,6,2013-10-21
277,2013-11-12,99,6,2013-10-21
277,2013-11-12,99,6,2013-10-21
277,2013-11-12,99,6,2013-10-21
277,2013-11-12,99,6,2013-10-21
277,2013-11-12,99,6,2013-10-21
277,2013-11-12,99,6,2013-10-22
277,2013-11-12,99,6,2013-10-22
277,2013-11-12,99,6,2013-11-1
277,2013-11-12,99,6,2013-11-1
277,2013-11-12,99,6,2013-11-1
277,2013-11-12,99,6,2013-11-5
277,2013-11-12,99,6,2013-11-5
277,2013-11-12,99,6,2013-11-5
277,2013-11-12,99,6,2013-11-7
277,2013-11-12,99,6,2013-11-7
277,2013-11-12,99,6,2013-11-9
277,2013-11-12,99,6,2013-11-10
277,2013-11-12,99,6,2013-11-10
277,2013-11-12,99,6,2013-11-11
277,2013-11-12,99,6,2013-11-11
277,2013-11-12,99,6,2013-11-11
277,2013-11-12,99,6,2013-11-11
277,2013-11-12,99,6,2013-11-11
277,2013-11-12,99,6,2013-11-11
282,2013-11-7,-10,13,2013-9-16
282,2013-11-7,10,20,2013-11-2
282,2013-11-7,102,6,2013-9-16
282,2013-11-7,102,6,2013-9-16
282,2013-11-7,102,6,2013-11-2
282,2013-11-7,102,6,2013-11-2
282,2013-11-7,107,6,2013-11-3
282,2013-11-7,107,6,2013-11-4
282,2013-11-7,107,6,2013-11-4
282,2013-11-7,107,6,2013-11-4
282,2013-11-7,107,6,2013-11-5
282,2013-11-7,107,6,2013-11-5
282,2013-11-7,107,6,2013-11-6
282,2013-11-7,107,6,2013-11-6
282,2013-11-7,107,6,2013-11-6
282,2013-11-7,107,6,2013-11-7
282,2013-11-7,107,6,2013-11-7
282,2013-11-7,107,6,2013-11-7
282,2013-11-7,1,1,2013-9-16
282,2013-11-7,1,2,2013-9-16
282,2013-11-7,1,2,2013-11-2
282,2013-11-7,2,1,2013-9-16
282,2013-11-7,2,7,2013-11-4
282,2013-11-7,3,1,2013-9-16
282,2013-11-7,4,1,2013-9-16
282,2013-11-7,-4,6,2013-9-16
282,2013-11-7,-4,6,2013-9-16
282,2013-11-7,-4,6,2013-9-16
282,2013-11-7,-4,6,2013-9-16
282,2013-11-7,-4,6,2013-11-2
282,2013-11-7,-4,6,2013-11-2
282,2013-11-7,-4,6,2013-11-3
282,2013-11-7,-4,6,2013-11-4
282,2013-11-7,-4,6,2013-11-4
282,2013-11-7,-4,6,2013-11-4
282,2013-11-7,-4,6,2013-11-4
282,2013-11-7,-4,6,2013-11-4
282,2013-11-7,-4,6,2013-11-4
282,2013-11-7,-4,6,2013-11-5
282,2013-11-7,-4,6,2013-11-5
282,2013-11-7,-4,6,2013-11-6
282,2013-11-7,-4,6,2013-11-6
282,2013-11-7,-4,6,2013-11-6
282,2013-11-7,-4,6,2013-11-7
282,2013-11-7,-4,6,2013-11-7
282,2013-11-7,-4,6,2013-11-7
282,2013-11-7,9,0,2013-9-16
290,2013-11-7,107,6,2013-10-9
290,2013-11-7,107,6,2013-11-2
290,2013-11-7,107,6,2013-11-3
290,2013-11-7,107,6,2013-11-3
290,2013-11-7,107,6,2013-11-4
290,2013-11-7,107,6,2013-11-4
290,2013-11-7,107,6,2013-11-4
290,2013-11-7,107,6,2013-11-4
290,2013-11-7,107,6,2013-11-4
290,2013-11-7,107,6,2013-11-5
290,2013-11-7,107,6,2013-11-5
290,2013-11-7,107,6,2013-11-5
290,2013-11-7,107,6,2013-11-5
290,2013-11-7,107,6,2013-11-5
290,2013-11-7,107,6,2013-11-5
290,2013-11-7,107,6,2013-11-6
290,2013-11-7,107,6,2013-11-6
290,2013-11-7,107,6,2013-11-7
290,2013-11-7,12,0,2012-6-7
290,2013-11-7,1,2,2013-11-2
290,2013-11-7,3,1,2012-6-7
290,2013-11-7,4,1,2012-6-7
290,2013-11-7,4,6,2012-6-7
290,2013-11-7,4,6,2012-6-7
290,2013-11-7,4,6,2012-6-9
290,2013-11-7,-4,6,2013-10-9
290,2013-11-7,-4,6,2013-11-2
290,2013-11-7,-4,6,2013-11-2
290,2013-11-7,-4,6,2013-11-2
290,2013-11-7,-4,6,2013-11-3
290,2013-11-7,-4,6,2013-11-3
290,2013-11-7,-4,6,2013-11-3
290,2013-11-7,-4,6,2013-11-4
290,2013-11-7,-4,6,2013-11-4
290,2013-11-7,-4,6,2013-11-4
290,2013-11-7,-4,6,2013-11-4
290,2013-11-7,-4,6,2013-11-4
290,2013-11-7,-4,6,2013-11-4
290,2013-11-7,-4,6,2013-11-4
290,2013-11-7,-4,6,2013-11-4
290,2013-11-7,-4,6,2013-11-5
290,2013-11-7,-4,6,2013-11-5
290,2013-11-7,-4,6,2013-11-5
290,2013-11-7,-4,6,2013-11-5
290,2013-11-7,-4,6,2013-11-5
290,2013-11-7,-4,6,2013-11-5
290,2013-11-7,-4,6,2013-11-6
290,2013-11-7,-4,6,2013-11-6
290,2013-11-7,-4,6,2013-11-6
290,2013-11-7,-4,6,2013-11-6
290,2013-11-7,-4,6,2013-11-6
290,2013-11-7,-4,6,2013-11-6
290,2013-11-7,-4,6,2013-11-7
290,2013-11-7,-4,6,2013-11-7
292,2013-11-7,100,6,2012-11-25
292,2013-11-7,100,6,2012-11-26
292,2013-11-7,100,6,2012-11-27
292,2013-11-7,100,6,2013-1-6
292,2013-11-7,1,1,2011-9-6
292,2013-11-7,1,20,2013-1-6
292,2013-11-7,1,2,2013-11-2
292,2013-11-7,1,6,2011-9-6
292,2013-11-7,2,0,2011-9-6
292,2013-11-7,2,1,2011-9-6
292,2013-11-7,2,7,2013-11-7
292,2013-11-7,2,7,2013-11-7
292,2013-11-7,3,1,2011-9-6
292,2013-11-7,4,1,2011-9-6
292,2013-11-7,4,6,2011-9-6
292,2013-11-7,4,6,2011-9-6
292,2013-11-7,4,6,2011-9-6
292,2013-11-7,-4,6,2013-11-2
292,2013-11-7,-4,6,2013-11-2
292,2013-11-7,-4,6,2013-11-3
292,2013-11-7,-4,6,2013-11-4
292,2013-11-7,-4,6,2013-11-4
292,2013-11-7,-4,6,2013-11-4
292,2013-11-7,-4,6,2013-11-5
292,2013-11-7,-4,6,2013-11-5
292,2013-11-7,-4,6,2013-11-6
292,2013-11-7,-4,6,2013-11-6
292,2013-11-7,-4,6,2013-11-6
292,2013-11-7,-4,6,2013-11-7
292,2013-11-7,-4,6,2013-11-7
292,2013-11-7,4,7,2013-1-6
292,2013-11-7,4,7,2013-11-2
292,2013-11-7,4,7,2013-11-2
293,2013-11-7,-10,13,2013-10-9
293,2013-11-7,1,0,2013-10-9
293,2013-11-7,10,20,2013-10-9
293,2013-11-7,10,20,2013-10-9
293,2013-11-7,10,20,2013-10-9
293,2013-11-7,1,1,2013-10-9
293,2013-11-7,1,2,2013-10-9
293,2013-11-7,1,2,2013-11-2
293,2013-11-7,1,4,2013-10-10
293,2013-11-7,2,1,2013-10-9
293,2013-11-7,2,7,2013-10-14
293,2013-11-7,3,1,2013-10-9
293,2013-11-7,4,1,2013-10-9
293,2013-11-7,-4,6,2013-10-9
293,2013-11-7,-4,6,2013-10-9
293,2013-11-7,-4,6,2013-10-9
293,2013-11-7,-4,6,2013-10-9
293,2013-11-7,-4,6,2013-10-10
293,2013-11-7,-4,6,2013-10-10
293,2013-11-7,-4,6,2013-10-10
293,2013-11-7,-4,6,2013-10-10
293,2013-11-7,-4,6,2013-10-10
293,2013-11-7,-4,6,2013-10-11
293,2013-11-7,-4,6,2013-10-11
293,2013-11-7,-4,6,2013-10-11
293,2013-11-7,-4,6,2013-10-11
293,2013-11-7,-4,6,2013-10-11
293,2013-11-7,-4,6,2013-10-11
293,2013-11-7,-4,6,2013-10-11
293,2013-11-7,-4,6,2013-10-11
293,2013-11-7,-4,6,2013-10-11
293,2013-11-7,-4,6,2013-10-11
293,2013-11-7,-4,6,2013-10-12
293,2013-11-7,-4,6,2013-10-12
293,2013-11-7,-4,6,2013-10-12
293,2013-11-7,-4,6,2013-10-13
293,2013-11-7,-4,6,2013-10-13
293,2013-11-7,-4,6,2013-10-13
293,2013-11-7,-4,6,2013-10-14
293,2013-11-7,-4,6,2013-10-14
293,2013-11-7,-4,6,2013-10-14
293,2013-11-7,-4,6,2013-10-14
293,2013-11-7,-4,6,2013-10-14
293,2013-11-7,-4,6,2013-10-14
293,2013-11-7,-4,6,2013-10-14
293,2013-11-7,-4,6,2013-10-14
293,2013-11-7,-4,6,2013-10-14
293,2013-11-7,-4,6,2013-11-2
293,2013-11-7,-4,6,2013-11-4
293,2013-11-7,-4,6,2013-11-4
293,2013-11-7,-4,6,2013-11-4
293,2013-11-7,-4,6,2013-11-5
293,2013-11-7,-4,6,2013-11-6
293,2013-11-7,-4,6,2013-11-6
293,2013-11-7,-4,6,2013-11-7
293,2013-11-7,-4,6,2013-11-7
293,2013-11-7,-4,6,2013-11-7
293,2013-11-7,99,6,2013-10-11
293,2013-11-7,99,6,2013-10-11
293,2013-11-7,99,6,2013-10-11
293,2013-11-7,99,6,2013-10-14
299,2013-11-6,1,0,2013-11-2
299,2013-11-6,1,1,2013-11-2
299,2013-11-6,1,20,2013-11-2
299,2013-11-6,1,2,2013-11-2
299,2013-11-6,1,4,2013-11-5
299,2013-11-6,2,1,2013-11-2
299,2013-11-6,4,1,2013-11-2
299,2013-11-6,-4,6,2013-11-2
299,2013-11-6,-4,6,2013-11-4
299,2013-11-6,-4,6,2013-11-5
299,2013-11-6,-4,6,2013-11-5
299,2013-11-6,-4,6,2013-11-5
299,2013-11-6,-4,6,2013-11-5
299,2013-11-6,-4,6,2013-11-5
299,2013-11-6,-4,6,2013-11-6
299,2013-11-6,-4,6,2013-11-6
299,2013-11-6,-4,6,2013-11-6
299,2013-11-6,-4,6,2013-11-6
299,2013-11-6,-4,6,2013-11-6
300,2013-11-6,1,0,2013-11-1
300,2013-11-6,1,1,2013-11-1
300,2013-11-6,1,20,2013-11-1
300,2013-11-6,1,2,2013-11-2
300,2013-11-6,2,1,2013-11-1
300,2013-11-6,4,1,2013-11-1
300,2013-11-6,-4,6,2013-11-1
300,2013-11-6,-4,6,2013-11-2
300,2013-11-6,-4,6,2013-11-2
300,2013-11-6,-4,6,2013-11-2
300,2013-11-6,-4,6,2013-11-2
300,2013-11-6,-4,6,2013-11-3
300,2013-11-6,-4,6,2013-11-3
300,2013-11-6,-4,6,2013-11-4
300,2013-11-6,-4,6,2013-11-4
300,2013-11-6,-4,6,2013-11-4
300,2013-11-6,-4,6,2013-11-4
300,2013-11-6,-4,6,2013-11-4
300,2013-11-6,-4,6,2013-11-4
300,2013-11-6,-4,6,2013-11-5
300,2013-11-6,-4,6,2013-11-5
300,2013-11-6,-4,6,2013-11-6
300,2013-11-6,-4,6,2013-11-6
303,2013-11-9,1,0,2013-11-2
303,2013-11-9,1,1,2013-11-2
303,2013-11-9,1,20,2013-11-2
303,2013-11-9,1,2,2013-11-2
303,2013-11-9,2,1,2013-11-2
303,2013-11-9,4,1,2013-11-2
303,2013-11-9,-4,6,2013-11-2
303,2013-11-9,-4,6,2013-11-2
303,2013-11-9,-4,6,2013-11-2
303,2013-11-9,-4,6,2013-11-4
303,2013-11-9,-4,6,2013-11-4
304,2013-11-8,1,0,2013-11-2
304,2013-11-8,1,1,2013-11-2
304,2013-11-8,1,20,2013-11-2
304,2013-11-8,1,20,2013-11-2
304,2013-11-8,1,20,2013-11-2
304,2013-11-8,1,20,2013-11-2
304,2013-11-8,1,20,2013-11-2
304,2013-11-8,1,20,2013-11-2
304,2013-11-8,1,2,2013-11-2
304,2013-11-8,2,1,2013-11-2
304,2013-11-8,4,1,2013-11-2
304,2013-11-8,-4,6,2013-11-2
304,2013-11-8,-4,6,2013-11-2
304,2013-11-8,-4,6,2013-11-2
304,2013-11-8,-4,6,2013-11-2
304,2013-11-8,-4,6,2013-11-2
304,2013-11-8,-4,6,2013-11-2
304,2013-11-8,-4,6,2013-11-2
304,2013-11-8,-4,6,2013-11-2
304,2013-11-8,-4,6,2013-11-2
304,2013-11-8,-4,6,2013-11-2
304,2013-11-8,-4,6,2013-11-2
304,2013-11-8,-4,6,2013-11-6
308,2013-11-5,-10,13,2013-11-4
308,2013-11-5,10,20,2013-11-2
308,2013-11-5,1,20,2013-11-2
308,2013-11-5,1,2,2013-11-2
308,2013-11-5,1,4,2013-11-3
308,2013-11-5,3,1,2013-11-4
308,2013-11-5,-4,6,2013-11-2
308,2013-11-5,-4,6,2013-11-2
308,2013-11-5,-4,6,2013-11-3
308,2013-11-5,-4,6,2013-11-3
308,2013-11-5,-4,6,2013-11-3
308,2013-11-5,-4,6,2013-11-3
308,2013-11-5,-4,6,2013-11-3
308,2013-11-5,-4,6,2013-11-4
308,2013-11-5,-4,6,2013-11-4
308,2013-11-5,-4,6,2013-11-4
308,2013-11-5,-4,6,2013-11-4
308,2013-11-5,-4,6,2013-11-4
308,2013-11-5,-4,6,2013-11-4
308,2013-11-5,-4,6,2013-11-4
308,2013-11-5,-4,6,2013-11-4
308,2013-11-5,-4,6,2013-11-4
308,2013-11-5,-4,6,2013-11-5
308,2013-11-5,-4,6,2013-11-5
308,2013-11-5,-4,6,2013-11-5
308,2013-11-5,-4,6,2013-11-5
308,2013-11-5,4,7,2013-11-2
308,2013-11-5,4,7,2013-11-2
311,2013-11-6,107,6,2013-11-3
311,2013-11-6,107,6,2013-11-3
311,2013-11-6,107,6,2013-11-3
311,2013-11-6,107,6,2013-11-4
311,2013-11-6,107,6,2013-11-4
311,2013-11-6,107,6,2013-11-5
311,2013-11-6,107,6,2013-11-6
311,2013-11-6,1,1,2013-11-2
311,2013-11-6,1,20,2013-11-2
311,2013-11-6,12,0,2013-11-2
311,2013-11-6,1,2,2013-11-2
311,2013-11-6,2,1,2013-11-2
311,2013-11-6,4,1,2013-11-2
311,2013-11-6,-4,6,2013-11-2
311,2013-11-6,-4,6,2013-11-3
311,2013-11-6,-4,6,2013-11-3
311,2013-11-6,-4,6,2013-11-3
311,2013-11-6,-4,6,2013-11-4
311,2013-11-6,-4,6,2013-11-5
311,2013-11-6,-4,6,2013-11-6
313,2013-11-9,1,0,2012-5-20
313,2013-11-9,1,1,2012-5-20
313,2013-11-9,1,2,2013-11-2
313,2013-11-9,2,1,2012-5-20
313,2013-11-9,2,20,2012-5-20
313,2013-11-9,2,7,2013-11-1
313,2013-11-9,2,7,2013-11-8
313,2013-11-9,2,7,2013-11-8
313,2013-11-9,2,7,2013-11-8
313,2013-11-9,2,7,2013-11-8
313,2013-11-9,3,1,2012-5-20
313,2013-11-9,4,1,2012-5-20
313,2013-11-9,4,6,2012-5-20
313,2013-11-9,4,6,2012-5-20
313,2013-11-9,-4,6,2013-9-14
313,2013-11-9,-4,6,2013-9-16
313,2013-11-9,-4,6,2013-9-18
313,2013-11-9,-4,6,2013-11-1
313,2013-11-9,-4,6,2013-11-2
313,2013-11-9,-4,6,2013-11-3
313,2013-11-9,-4,6,2013-11-3
313,2013-11-9,-4,6,2013-11-3
313,2013-11-9,-4,6,2013-11-3
313,2013-11-9,-4,6,2013-11-4
313,2013-11-9,-4,6,2013-11-4
313,2013-11-9,-4,6,2013-11-4
313,2013-11-9,-4,6,2013-11-4
313,2013-11-9,-4,6,2013-11-4
313,2013-11-9,-4,6,2013-11-4
313,2013-11-9,-4,6,2013-11-5
313,2013-11-9,-4,6,2013-11-5
313,2013-11-9,-4,6,2013-11-5
313,2013-11-9,-4,6,2013-11-6
313,2013-11-9,-4,6,2013-11-6
313,2013-11-9,-4,6,2013-11-7
313,2013-11-9,-4,6,2013-11-7
313,2013-11-9,-4,6,2013-11-8
313,2013-11-9,-4,6,2013-11-8
313,2013-11-9,-4,6,2013-11-8
313,2013-11-9,4,7,2013-9-14
313,2013-11-9,4,7,2013-9-16
313,2013-11-9,4,7,2013-9-16
313,2013-11-9,4,7,2013-11-1
313,2013-11-9,4,7,2013-11-1
